timestamp,,roll_input,pitch_input,measure_roll,measure_pitch
2042185,0,0,0,3.222471595,-6.239898695
2042195,10,0,0,3.269151187,-6.128944832
2042206,21,0,0,3.214612844,-6.084083223
2042216,31,0,0,3.234600653,-6.090004321
2042226,41,0,0,3.194087383,-6.143685551
2042236,51,0,0,3.219547032,-6.151171318
2042246,61,0,0,3.220230851,-6.167906626
2042256,71,0,0,3.21141233,-6.086461796
2042266,81,0,0,3.216467667,-5.971081969
2042287,102,0,0,3.201912003,-5.726375361
2042307,122,0,0,3.142299965,-5.697082419
2042317,132,0,0,3.369625495,-5.836882392
2042337,152,0,0,3.322681938,-5.832467225
2042347,162,0,0,3.346485709,-5.912483593
2042358,173,0,0,3.293047361,-5.885325973
2042368,183,0,0,3.32940193,-5.978546907
2042378,193,0,0,3.302791792,-5.999954875
2042378,193,0,0,3.302791792,-5.999954875
2042398,213,0,0,3.202173693,-6.009480423
2042408,223,0,0,3.230840244,-6.049641196
2042408,223,0,0,3.230840244,-6.049641196
2042429,244,0,0,3.203647585,-6.134924052
2042439,254,0,0,3.197161858,-6.224354159
2042449,264,0,0,3.182084665,-6.268915244
2042459,274,0,0,3.149181803,-6.198509863
2042469,284,0,0,3.102181595,-6.054227501
2042479,294,0,0,3.12371868,-6.11916939
2042489,304,0,0,3.196110466,-6.013580136
2042489,304,0,0,3.196110466,-6.013580136
2042510,325,0,0,3.163774281,-6.146209609
2042520,335,0,0,3.164781417,-6.04559537
2042520,335,0,0,3.164781417,-6.04559537
2042540,355,0,0,3.160203986,-6.040738345
2042550,365,0,0,3.07384485,-5.852984861
2042560,375,0,0,3.026918277,-5.634128829
2042570,385,0,0,2.99724409,-5.579943933
2042581,396,0,0,3.121142289,-5.592908518
2042591,406,0,0,3.112317213,-5.560131468
2042601,416,0,0,3.040211912,-5.633471335
2042611,426,0,0,3.113196185,-5.620091327
2042621,436,0,0,3.161859923,-5.706729485
2042631,446,0,0,3.125171575,-5.677323541
2042652,467,0,0,3.207019734,-5.868245715
2042662,477,0,0,3.18859041,-5.944429545
2042672,487,0,0,3.122516047,-5.923627427
2042682,497,0,0,3.134914814,-5.826358846
2042692,507,0,0,3.119232875,-5.844536738
2042702,517,0,0,3.174908705,-5.831640176
2042702,517,0,0,3.174908705,-5.831640176
2042722,537,0,0,3.100627463,-5.756621129
2042722,537,0,0,3.100627463,-5.756621129
2042743,558,0,0,3.103525008,-5.926165437
2042753,568,0,0,3.062004316,-5.784778019
2042753,568,0,0,3.062004316,-5.784778019
2042773,588,0,0,3.174459947,-5.758048116
2042783,598,0,0,3.34776335,-5.827211228
2042793,608,0,0,3.280640078,-5.774341828
2042804,619,0,0,3.287829201,-5.766061887
2042824,639,0,0,3.196813423,-5.874219772
2042834,649,0,0,3.25996405,-5.761194642
2042844,659,0,0,3.18201189,-5.7279589
2042854,669,0,0,3.197545172,-5.726906278
2042864,679,0,0,3.218934972,-5.88114197
2042875,690,0,0,3.153836838,-5.904190091
2042895,710,0,0,3.203583296,-5.708656154
2042905,720,0,0,3.121919512,-5.759698543
2042915,730,0,0,3.258126865,-5.632230044
2042925,740,0,0,3.173565908,-5.516749702
2042935,750,0,0,3.117487604,-5.547190633
2042945,760,0,0,3.215116048,-5.538512143
2042956,771,0,0,3.156259825,-5.535640831
2042956,771,0,0,3.156259825,-5.535640831
2042976,791,0,0,3.164378107,-5.543490343
2042986,801,0,0,3.173089823,-5.551562163
2042986,801,0,0,3.173089823,-5.551562163
2043006,821,0,0,3.126510848,-5.499003479
2043016,831,0,0,3.103293333,-5.724493548
2043027,842,0,0,3.062526632,-5.571032386
2043037,852,0,0,3.055652634,-5.68729387
2043047,862,0,0,3.043009241,-5.711491467
2043067,882,0,0,3.041575521,-5.936951246
2043077,892,0,0,3.059425594,-5.951940206
2043087,902,0,0,3.106502573,-6.128459628
2043087,902,0,0,3.106502573,-6.128459628
2043108,923,0,0,3.092250128,-6.164468469
2043118,933,0,0,3.1449385,-6.091957675
2043128,943,0,0,3.068374675,-6.010334239
2043138,953,0,0,3.135111929,-6.021858008
2043148,963,0,0,3.202478663,-5.957916319
2043158,973,0,0,3.074022938,-5.912089594
2043168,983,0,0,3.13183671,-5.916125216
2043179,994,0,0,3.104007426,-5.984692683
2043189,1004,0,0,3.176144395,-6.033671249
2043189,1004,0,0,3.176144395,-6.033671249
2043209,1024,0,0,3.114069011,-6.025674353
2043219,1034,0,0,3.147649294,-5.948988466
2043219,1034,0,0,3.147649294,-5.948988466
2043239,1054,0,0,3.131273012,-5.860247768
2043250,1065,0,0,3.26008048,-5.81909177
2043260,1075,0,0,3.216422749,-5.648438426
2043270,1085,0,0,3.251582315,-5.742323809
2043280,1095,0,0,3.220142732,-5.805344595
2043290,1105,0,0,3.203525726,-5.807296939
2043300,1115,0,0,3.235443342,-5.805012871
2043310,1125,0,0,3.241718408,-5.887247492
2043331,1146,0,0,3.20746396,-5.890049142
2043341,1156,0,0,3.218386906,-5.797302625
2043341,1156,0,0,3.218386906,-5.797302625
2043361,1176,0,0,3.165793659,-5.91967009
2043371,1186,0,0,3.20690514,-5.726809538
2043381,1196,0,0,3.145592524,-5.691719425
2043391,1206,0,0,3.142555478,-5.659587421
2043402,1217,0,0,3.171910531,-5.624000514
2043422,1237,0,0,3.236042068,-5.682900593
2043422,1237,0,0,3.236042068,-5.682900593
2043432,1247,0,0,3.220587304,-5.637805511
2043442,1257,0,0,3.200240422,-5.645811845
2043452,1267,0,0,3.242479885,-5.66745472
2043452,1267,0,0,3.242479885,-5.66745472
2043472,1287,0,0,3.219749732,-5.800572613
2043472,1287,0,0,3.219749732,-5.800572613
2043472,1287,0,0,3.219749732,-5.800572613
2043472,1287,0,0,3.219749732,-5.800572613
2043472,1287,0,0,3.219749732,-5.800572613
2043472,1287,0,0,3.219749732,-5.800572613
2043472,1287,0,0,3.219749732,-5.800572613
2043472,1287,0,0,3.219749732,-5.800572613
2043472,1287,0,0,3.219749732,-5.800572613
2043472,1287,0,0,3.219749732,-5.800572613
2043472,1287,0,0,3.219749732,-5.800572613
2043472,1287,0,0,3.219749732,-5.800572613
2043472,1287,0,0,3.219749732,-5.800572613
2043472,1287,0,0,3.219749732,-5.800572613
2043472,1287,0,0,3.219749732,-5.800572613
2043472,1287,0,0,3.219749732,-5.800572613
2043472,1287,0,0,3.219749732,-5.800572613
2043472,1287,0,0,3.219749732,-5.800572613
2043472,1287,0,0,3.219749732,-5.800572613
2043472,1287,0,0,3.219749732,-5.800572613
2043472,1287,0,0,3.219749732,-5.800572613
2043695,1510,0,0,3.089827651,-5.789534895
2043706,1521,0,0,3.129488281,-5.777865072
2043716,1531,0,0,3.118024467,-5.711532925
2043726,1541,0,0,3.166502301,-5.856783908
2043736,1551,0,0,3.200227649,-5.962751867
2043746,1561,0,0,3.118789647,-5.98595549
2043756,1571,0,0,3.120520126,-5.912240512
2043766,1581,0,0,3.191580031,-5.881643081
2043777,1592,0,0,3.221359758,-5.846945373
2043787,1602,0,0,3.162588121,-5.950466639
2043797,1612,0,0,3.149942889,-5.974853023
2043807,1622,0,0,3.248544579,-6.009701655
2043817,1632,0,0,3.194851121,-6.072510881
2043827,1642,0,0,3.185715281,-6.065592025
2043847,1662,0,0,3.179085843,-6.304247733
2043858,1673,0,0,3.164880699,-6.339586088
2043868,1683,0,0,3.172319062,-6.411396682
2043878,1693,0,0,3.152787676,-6.316385473
2043888,1703,0,0,3.076759694,-6.207114498
2043898,1713,0,0,3.066139461,-6.3959427
2043908,1723,0,0,3.102749088,-6.454008836
2043908,1723,0,0,3.102749088,-6.454008836
2043929,1744,0,0,3.188985226,-6.37801473
2043939,1754,0,0,3.307457699,-6.673900862
2043939,1754,0,0,3.307457699,-6.673900862
2043959,1774,0,0,3.151103837,-6.473270354
2043969,1784,0,0,3.121590305,-6.525413461
2043979,1794,0,0,3.152690258,-6.507069165
2043989,1804,0,0,3.183424615,-6.595326343
2044010,1825,0,0,3.181058572,-6.579308412
2044010,1825,0,0,3.181058572,-6.579308412
2044020,1835,0,0,3.203074349,-6.527322322
2044030,1845,0,0,3.219700538,-6.370968476
2044040,1855,0,0,3.300783884,-6.257353851
2044050,1865,0,0,3.36421774,-6.327191852
2044060,1875,0,0,3.250419943,-6.262279718
2044070,1885,0,0,3.35123033,-6.089441941
2044081,1896,0,0,3.237663084,-6.23885892
2044091,1906,0,0,3.327271471,-6.000070098
2044111,1926,0,0,3.142584169,-5.919374011
2044121,1936,0,0,3.288203719,-5.692920538
2044131,1946,0,0,3.200677749,-5.346035873
2044141,1956,0,0,2.614188989,-5.387757067
2044141,1956,0,0,2.614188989,-5.387757067
2044162,1977,0,0,2.940852657,-5.727702078
2044172,1987,0,0,3.586362732,-6.137585218
2044182,1997,0,0,3.371110566,-6.559301142
2044192,2007,0,0,3.399483588,-6.949297134
2044202,2017,0,0,3.285495843,-7.142541593
2044212,2027,0,0,3.319526791,-6.850950505
2044233,2048,0,0,3.171079123,-6.453067806
2044233,2048,0,0,3.171079123,-6.453067806
2044253,2068,0,0,3.073916381,-6.795722691
2044263,2078,0,0,3.431318578,-6.459535117
2044273,2088,0,0,2.855511137,-6.521721481
2044273,2088,0,0,2.855511137,-6.521721481
2044293,2108,0,0,2.831592819,-6.162308538
2044304,2119,0,0,2.870231542,-5.954629276
2044304,2119,0,0,2.870231542,-5.954629276
2044324,2139,0,0,2.782572121,-5.964232381
2044334,2149,0,0,2.805563983,-6.079178603
2044344,2159,0,0,2.568566806,-6.048993585
2044354,2169,0,0,2.707281937,-6.154197927
2044364,2179,0,0,2.564471703,-6.141778109
2044375,2190,0,0,2.536566855,-5.67389995
2044375,2190,0,0,2.536566855,-5.67389995
2044395,2210,0,0,2.620886413,-5.47500346
2044405,2220,0,0,2.608818185,-5.546818761
2044415,2230,0,0,2.661860785,-5.282662474
2044425,2240,0,0,2.574641577,-5.208480345
2044445,2260,0,0,2.644871325,-5.660635313
2044456,2271,0,0,2.453939484,-5.953614249
2044466,2281,0,0,2.638845334,-6.145526152
2044476,2291,0,0,2.606977365,-6.297229003
2044486,2301,0,0,2.847052493,-6.620469749
2044496,2311,0,0,2.704857752,-6.595535136
2044506,2321,0,0,2.870249772,-6.416910968
2044516,2331,0,0,2.702282037,-6.291047341
2044527,2342,0,0,2.796771342,-6.053713556
2044537,2352,0,0,2.642440973,-6.001157802
2044547,2362,0,0,2.829285307,-5.661657874
2044557,2372,0,0,2.714359589,-5.30375476
2044567,2382,0,0,2.670736394,-5.071069956
2044578,2393,0,0,2.691090231,-5.226929256
2044597,2412,0,0,2.722567892,-5.359092071
2044608,2423,0,0,2.848982745,-5.314973277
2044608,2423,0,0,2.848982745,-5.314973277
2044628,2443,0,0,2.748015029,-5.568119468
2044638,2453,0,0,2.560892056,-5.883492012
2044648,2463,0,0,2.738020313,-5.693652953
2044658,2473,0,0,2.776669588,-5.742360663
2044668,2483,0,0,2.671750747,-5.881825094
2044679,2494,0,0,2.765393787,-5.627021949
2044689,2504,0,0,2.711933577,-5.448636553
2044699,2514,0,0,2.601562506,-5.444104624
2044699,2514,0,0,2.601562506,-5.444104624
2044719,2534,0,0,2.46330054,-5.617186225
2044729,2544,0,0,2.704403976,-5.535081307
2044750,2565,0,0,2.141642966,-5.868997941
2044760,2575,0,0,2.422778021,-6.108258953
2044760,2575,0,0,2.422778021,-6.108258953
2044770,2585,0,0,2.343327995,-6.230298722
2044790,2605,0,0,2.43889748,-6.340826681
2044800,2615,0,0,2.51291476,-6.236257186
2044810,2625,0,0,2.519963054,-5.922231123
2044820,2635,0,0,2.562977372,-5.730682596
2044831,2646,0,0,2.568546095,-5.599020164
2044841,2656,0,0,2.590696091,-5.520480908
2044841,2656,0,0,2.590696091,-5.520480908
2044861,2676,0,0,2.623716764,-5.440131013
2044871,2686,0,0,3.129158027,-4.700343289
2044881,2696,0,0,2.759452062,-4.827273686
2044891,2706,0,0,2.994974318,-4.876714917
2044902,2717,0,0,2.954096094,-5.433241716
2044912,2727,0,0,2.9394127,-5.318529456
2044932,2747,0,0,2.97899505,-5.43078415
2044942,2757,0,0,3.002807247,-5.634851958
2044952,2767,0,0,2.971702711,-5.671087854
2044962,2777,0,0,2.902616737,-5.536988987
2044972,2787,0,0,2.99409584,-5.357244805
2044983,2798,0,0,2.990979182,-5.325659139
2044993,2808,0,0,2.931462969,-5.187858434
2045003,2818,0,0,2.988693763,-5.219951447
2045013,2828,0,0,2.91490586,-5.234159149
2045023,2838,0,0,2.990315916,-5.586522906
2045033,2848,0,0,2.995533811,-5.639488985
2045043,2858,0,0,2.951512991,-5.619007813
2045054,2869,0,0,2.96308381,-5.568995644
2045064,2879,0,0,2.680256658,-5.713393967
2045074,2889,0,0,2.890031716,-5.676870976
2045074,2889,0,0,2.890031716,-5.676870976
2045094,2909,0,0,2.653138635,-5.826736658
2045104,2919,0,0,1.906347582,-6.688528116
2045114,2929,0,0,2.23123219,-6.468800307
2045125,2940,0,0,2.53955984,-6.397298739
2045135,2950,0,0,2.315041307,-6.498085836
2045145,2960,0,0,2.695779778,-6.597302378
2045155,2970,0,0,2.486506416,-6.813443047
2045165,2980,0,0,2.711700987,-6.944980866
2045175,2990,0,0,2.510712644,-6.821686611
2045195,3010,0,0,2.658895845,-6.308182552
2045206,3021,0,0,2.590800537,-6.191401492
2045216,3031,0,0,2.624719369,-6.07338093
2045226,3041,0,0,2.609098552,-6.02660655
2045236,3051,0,0,2.710538155,-5.962523742
2045246,3061,0,0,2.798949419,-6.144579919
2045256,3071,0,0,2.73893302,-6.459916838
2045266,3081,0,0,2.874675992,-6.607481445
2045277,3092,0,0,2.721175592,-6.554095577
2045287,3102,0,0,2.639899932,-6.46999739
2045297,3112,0,0,2.672988293,-6.390548561
2045307,3122,0,0,2.703719721,-6.398953434
2045307,3122,0,0,2.703719721,-6.398953434
2045327,3142,0,0,2.807391912,-6.579225359
2045337,3152,0,0,2.513695128,-6.958568182
2045347,3162,0,0,2.681019161,-6.827551711
2045358,3173,0,0,2.42763814,-6.657687711
2045368,3183,0,0,2.566637305,-6.507170659
2045378,3193,0,0,2.841986405,-6.372398243
2045388,3203,0,0,2.730313989,-6.325611175
2045398,3213,0,0,2.645763736,-6.543706526
2045408,3223,0,0,2.730722822,-6.358109974
2045429,3244,0,0,2.884994418,-6.354735132
2045439,3254,0,0,2.607663766,-6.275369862
2045449,3264,0,0,2.823918273,-6.442096169
2045459,3274,0,0,2.625826695,-6.441451533
2045469,3284,0,0,2.922178944,-6.664119606
2045479,3294,0,0,2.6987478,-6.551493392
2045489,3304,0,0,2.866515528,-6.374583258
2045500,3315,0,0,2.91446464,-6.249070014
2045500,3315,0,0,2.91446464,-6.249070014
2045520,3335,0,0,3.060498787,-5.981820267
2045530,3345,0,0,3.10002566,-5.963854475
2045540,3355,0,0,3.040882316,-5.960773631
2045540,3355,0,0,3.040882316,-5.960773631
2045560,3375,0,0,2.85399036,-6.015337329
2045570,3385,0,0,2.787731472,-5.949846797
2045581,3396,0,0,2.714620843,-6.098593371
2045591,3406,0,0,2.718002753,-6.215556743
2045601,3416,0,0,2.616833306,-6.476931994
2045611,3426,0,0,2.657983246,-6.591605006
2045621,3436,0,0,2.665408746,-6.476273474
2045631,3446,0,0,2.711886276,-6.225445777
2045641,3456,0,0,2.809796262,-5.678549958
2045652,3467,0,0,2.63311668,-5.500430985
2045662,3477,0,0,2.810247779,-5.02354676
2045672,3487,0,0,2.675093774,-5.035352747
2045682,3497,0,0,2.851481173,-4.786514494
2045692,3507,0,0,2.694518643,-5.003562308
2045702,3517,0,0,2.949345041,-4.778950323
2045712,3527,0,0,2.695337236,-4.91332293
2045722,3537,0,0,2.983646659,-4.810280427
2045733,3548,0,0,2.753185878,-5.178696041
2045743,3558,0,0,2.861406492,-5.490551328
2045753,3568,0,0,2.918022672,-5.874499699
2045773,3588,0,0,2.946781547,-6.637418853
2045773,3588,0,0,2.946781547,-6.637418853
2045793,3608,0,0,2.917131005,-6.676023737
2045804,3619,0,0,2.754740385,-6.438348293
2045814,3629,0,0,2.792259059,-6.006904003
2045824,3639,0,0,2.742368643,-5.484866743
2045834,3649,0,0,2.778236677,-5.165712665
2045844,3659,0,0,2.896208701,-5.209456111
2045844,3659,0,0,2.896208701,-5.209456111
2045854,3669,0,0,3.145187617,-5.026352431
2045875,3690,0,0,2.493614206,-5.415989468
2045875,3690,0,0,2.493614206,-5.415989468
2045885,3700,0,0,2.717484634,-5.428113645
2045905,3720,0,0,2.685964645,-5.833457841
2045915,3730,0,0,2.748003683,-6.026318479
2045925,3740,0,0,2.593784536,-5.831299221
2045935,3750,0,0,2.737206717,-5.986755116
2045945,3760,0,0,2.905576179,-6.163784989
2045956,3771,0,0,2.704893198,-6.144079718
2045966,3781,0,0,2.882279941,-5.933903963
2045976,3791,0,0,2.754145601,-5.697771079
2045986,3801,0,0,2.800762493,-5.771052412
2045996,3811,0,0,2.872634319,-5.775447518
2046006,3821,0,0,2.68099397,-5.531998178
2046006,3821,0,0,2.68099397,-5.531998178
2046027,3842,0,0,2.691090486,-5.681388577
2046037,3852,0,0,3.033286347,-5.998376325
2046047,3862,0,0,2.988645171,-5.824620683
2046057,3872,0,0,3.08200731,-5.548942925
2046067,3882,0,0,3.170905717,-5.163791184
2046077,3892,0,0,3.343805703,-5.146175968
2046087,3902,0,0,3.364056057,-5.194995826
2046097,3912,0,0,3.550973392,-5.296276629
2046108,3923,0,0,3.432265878,-5.256364869
2046118,3933,0,0,3.421363483,-5.313009907
2046128,3943,0,0,3.431086763,-5.536587188
2046138,3953,0,0,3.397715889,-5.540526904
2046148,3963,0,0,3.362843511,-5.649224906
2046168,3983,0,0,3.443841078,-5.751688317
2046179,3994,0,0,3.312879552,-5.776790474
2046189,4004,0,0,3.222381095,-5.623827796
2046189,4004,0,0,3.222381095,-5.623827796
2046209,4024,0,0,3.272091328,-5.804150156
2046209,4024,0,0,3.272091328,-5.804150156
2046229,4044,0,0,3.307270034,-5.869729432
2046239,4054,0,0,3.323948517,-5.885510291
2046239,4054,0,0,3.323948517,-5.885510291
2046260,4075,0,0,3.216128951,-5.901153356
2046260,4075,0,0,3.216128951,-5.901153356
2046270,4085,0,0,3.299094575,-5.96288206
2046290,4105,0,0,3.186424563,-5.773639255
2046300,4115,0,0,3.20502749,-5.805416009
2046300,4115,0,0,3.20502749,-5.805416009
2046320,4135,0,0,3.230473509,-5.952354972
2046331,4146,0,0,3.175849169,-6.012144426
2046351,4166,0,0,3.187234594,-6.08621057
2046351,4166,0,0,3.187234594,-6.08621057
2046361,4176,0,0,3.181270052,-6.128984017
2046371,4186,0,0,3.134445222,-6.058064816
2046381,4196,0,0,3.167482485,-6.072868119
2046391,4206,0,0,3.193693963,-6.113415078
2046402,4217,0,0,3.203815942,-6.030827382
2046412,4227,0,0,3.212914998,-6.178183197
2046432,4247,0,0,3.184695187,-6.139051228
2046442,4257,0,0,3.127525068,-6.151326913
2046442,4257,0,0,3.127525068,-6.151326913
2046462,4277,0,0,3.132347166,-6.12700863
2046472,4287,0,0,3.154557431,-6.224192779
2046472,4287,0,0,3.154557431,-6.224192779
2046493,4308,0,0,3.121462557,-6.226786384
2046503,4318,0,0,3.136521655,-6.295767163
2046513,4328,0,0,3.043092998,-6.100712708
2046523,4338,0,0,3.070396532,-6.017421772
2046533,4348,0,0,3.08211577,-5.952116482
2046543,4358,0,0,3.11365556,-5.934422403
2046554,4369,0,0,3.119432716,-5.909733671
2046564,4379,0,0,3.137841733,-6.037495743
2046574,4389,0,0,3.180422587,-6.119344567
2046584,4399,0,0,3.173541325,-6.145065137
2046604,4419,0,0,3.128770593,-6.247122998
2046614,4429,0,0,3.118095837,-6.363043717
2046625,4440,0,0,3.127604551,-6.387839982
2046635,4450,0,0,3.159534393,-6.386344447
2046645,4460,0,0,3.085033509,-6.355709418
2046655,4470,0,0,3.114038376,-6.348442097
2046665,4480,0,0,3.209477498,-6.293599775
2046675,4490,0,0,3.188660175,-6.229558674
2046695,4510,0,0,3.108605223,-6.232819735
2046695,4510,0,0,3.108605223,-6.232819735
2046716,4531,0,0,3.144695044,-6.254964136
2046716,4531,0,0,3.144695044,-6.254964136
2046736,4551,0,0,3.113452208,-6.086291239
2046746,4561,0,0,3.109367261,-6.177117033
2046756,4571,0,0,3.090645402,-6.145874219
2046766,4581,0,0,3.141065908,-6.176289462
2046777,4592,0,0,3.163522894,-6.150042972
2046787,4602,0,0,3.105673361,-6.161870559
2046797,4612,0,0,3.063473361,-6.113576424
2046807,4622,0,0,3.106151456,-6.055808517
2046817,4632,0,0,3.141149998,-6.103570773
2046827,4642,0,0,3.114757809,-6.080975192
2046837,4652,0,0,3.089731598,-6.229951752
2046847,4662,0,0,3.159572538,-6.308727872
2046868,4683,0,0,3.167108771,-6.273987628
2046868,4683,0,0,3.167108771,-6.273987628
2046888,4703,0,0,3.204858052,-6.29143816
2046898,4713,0,0,3.251066803,-6.25475433
2046908,4723,0,0,3.223081454,-6.20024
2046918,4733,0,0,3.203414647,-6.152568212
2046929,4744,0,0,3.212774133,-6.09204526
2046939,4754,0,0,3.233676588,-5.990128767
2046949,4764,0,0,3.182499672,-6.020636599
2046959,4774,0,0,3.178253702,-5.955660435
2046969,4784,0,0,3.226877558,-5.952708675
2046989,4804,0,0,3.21336587,-6.020262111
2046989,4804,0,0,3.21336587,-6.020262111
2047000,4815,0,0,3.242214821,-6.108657704
2047010,4825,0,0,3.222325753,-6.061630201
2047020,4835,0,0,3.207085709,-5.911383392
2047030,4845,0,0,3.228939301,-5.913513521
2047040,4855,0,0,3.243513855,-5.896625934
2047060,4875,0,0,3.26105456,-5.928944243
2047070,4885,0,0,3.242439744,-5.897666201
2047070,4885,0,0,3.242439744,-5.897666201
2047091,4906,0,0,3.1746755,-5.98256343
2047101,4916,0,0,3.185438553,-5.958531561
2047121,4936,0,0,3.164105158,-6.034697948
2047131,4946,0,0,3.18932643,-6.058385169
2047141,4956,0,0,3.190396189,-6.091596967
2047141,4956,0,0,3.190396189,-6.091596967
2047162,4977,0,0,3.188322008,-6.079753649
2047162,4977,0,0,3.188322008,-6.079753649
2047162,4977,0,0,3.188322008,-6.079753649
2047192,5007,0,0,3.260493157,-6.164398161
2047202,5017,0,0,3.169470474,-6.115443428
2047212,5027,0,0,3.17475509,-6.07526969
2047222,5037,0,0,3.181264861,-6.050859213
2047233,5048,0,0,3.200879613,-5.975489024
2047243,5058,0,0,3.179637062,-6.00788341
2047253,5068,0,0,3.201091519,-6.009101334
2047263,5078,0,0,3.244665584,-6.064741578
2047273,5088,0,0,3.194759658,-6.067117761
2047283,5098,0,0,3.130556786,-5.964802697
2047293,5108,0,0,3.164125315,-5.980102356
2047304,5119,0,0,3.194416491,-5.945332801
2047314,5129,0,0,3.182812424,-6.001874489
2047324,5139,0,0,3.141434517,-6.055779709
2047334,5149,0,0,3.138656114,-6.023364032
2047344,5159,0,0,3.195422853,-6.012793145
2047354,5169,0,0,3.224972708,-6.11767808
2047365,5180,0,0,3.211469888,-6.184568694
2047375,5190,0,0,3.160126595,-6.268122112
2047385,5200,0,0,3.158327252,-6.198709273
2047395,5210,0,0,3.15331442,-6.229448013
2047395,5210,0,0,3.15331442,-6.229448013
2047415,5230,0,0,3.12200357,-6.168338847
2047425,5240,0,0,3.249375172,-6.489770432
2047435,5250,0,0,3.147063238,-6.381446225
2047445,5260,0,0,3.150410286,-6.448420342
2047456,5271,0,0,3.15102294,-6.480711295
2047466,5281,0,0,3.152243396,-6.315239477
2047486,5301,0,0,3.156363289,-6.317427708
2047496,5311,0,0,3.205697268,-6.331658354
2047506,5321,0,0,3.188382133,-6.176194948
2047516,5331,0,0,3.195628085,-6.168855207
2047527,5342,0,0,3.239388305,-6.223904602
2047537,5352,0,0,3.235774527,-6.314342513
2047547,5362,0,0,3.254812655,-6.320532522
2047557,5372,0,0,3.209491373,-6.308478847
2047567,5382,0,0,3.213476491,-6.251017038
2047577,5392,0,0,3.21133455,-6.218847688
2047597,5412,0,0,3.174754511,-6.171711331
2047608,5423,0,0,3.13632278,-6.091754849
2047618,5433,0,0,3.192402146,-6.021061788
2047628,5443,0,0,3.161155906,-6.031474971
2047628,5443,0,0,3.161155906,-6.031474971
2047648,5463,0,0,3.185082135,-6.022631185
2047658,5473,0,0,3.274625694,-6.103947623
2047668,5483,0,0,3.204130473,-5.981329435
2047679,5494,0,0,3.229003806,-5.988905125
2047699,5514,0,0,3.194430793,-5.991396196
2047699,5514,0,0,3.194430793,-5.991396196
2047719,5534,0,0,3.255239059,-6.06270881
2047729,5544,0,0,3.185882144,-6.017229344
2047739,5554,0,0,3.174143,-6.116907072
2047750,5565,0,0,3.241984935,-6.162577088
2047750,5565,0,0,3.241984935,-6.162577088
2047770,5585,0,0,3.127698826,-6.159216187
2047780,5595,0,0,3.193448602,-6.215750395
2047780,5595,0,0,3.193448602,-6.215750395
2047800,5615,0,0,3.207143776,-6.182510112
2047810,5625,0,0,3.155139169,-6.152549772
2047820,5635,0,0,3.23730441,-6.165278733
2047831,5646,0,0,3.277502195,-6.154144909
2047841,5656,0,0,3.247459819,-6.164186086
2047861,5676,0,0,3.231959868,-6.150920062
2047861,5676,0,0,3.231959868,-6.150920062
2047881,5696,0,0,3.181294813,-6.13821219
2047891,5706,0,0,3.253093156,-6.379610556
2047902,5717,0,0,3.133412817,-6.239786879
2047912,5727,0,0,3.123614116,-6.21621032
2047922,5737,0,0,3.20017949,-6.226885518
2047932,5747,0,0,3.172000509,-6.231052604
2047942,5757,0,0,3.148664914,-6.273668297
2047952,5767,0,0,3.170221171,-6.21504149
2047962,5777,0,0,3.191770646,-6.173238523
2047972,5787,0,0,3.168078919,-6.043379455
2047983,5798,0,0,3.196664096,-6.132871425
2047993,5808,0,0,3.215952528,-6.138280189
2048003,5818,0,0,3.212210999,-6.132501468
2048013,5828,0,0,3.174349101,-6.068581273
2048023,5838,0,0,3.171280101,-6.003816003
2048033,5848,0,0,3.220563091,-6.018317082
2048043,5858,0,0,3.222292397,-6.067958992
2048064,5879,0,0,3.235758308,-6.147801269
2048074,5889,0,0,3.27522509,-6.181141954
2048084,5899,0,0,3.218898361,-6.153074184
2048094,5909,0,0,3.100276891,-6.093308317
2048094,5909,0,0,3.100276891,-6.093308317
2048114,5929,0,0,3.13205421,-6.076038333
2048125,5940,0,0,3.069123694,-6.306890157
2048135,5950,0,0,3.058809702,-6.170345507
2048145,5960,0,0,3.131233951,-6.256408569
2048155,5970,0,0,3.089706832,-6.153491409
2048165,5980,0,0,3.067250711,-6.039973209
2048175,5990,0,0,3.125941526,-6.078837494
2048185,6000,0,0,3.202953522,-6.149172798
2048195,6010,0,0,3.169852004,-6.151277353
2048206,6021,0,0,3.140440206,-6.062734162
2048216,6031,0,0,3.17714865,-6.100010871
2048226,6041,0,0,3.196846005,-6.068574359
2048236,6051,0,0,3.15512873,-6.06281598
2048246,6061,0,0,3.114403363,-6.089641309
2048256,6071,0,0,3.12377568,-6.130717385
2048266,6081,0,0,3.040737638,-6.134695854
2048277,6092,0,0,3.024231782,-6.152213226
2048287,6102,0,0,3.071691179,-6.132531434
2048297,6112,0,0,3.081826565,-6.099905999
2048307,6122,0,0,3.020064941,-6.103740183
2048317,6132,0,0,3.044135262,-6.038145644
2048327,6142,0,0,3.08905169,-6.127947918
2048347,6162,0,0,3.102886988,-6.078648501
2048358,6173,0,0,3.24724824,-6.291747126
2048368,6183,0,0,3.186351985,-6.131361636
2048378,6193,0,0,3.147822132,-6.078602405
2048388,6203,0,0,3.146815175,-6.062826351
2048398,6213,0,0,3.110771504,-6.015340786
2048408,6223,0,0,3.055886477,-5.903104882
2048418,6233,0,0,3.082583074,-5.959306952
2048429,6244,0,0,3.089423514,-5.93497771
2048439,6254,0,0,3.057706995,-5.926256451
2048449,6264,0,0,3.048543034,-5.978478929
2048449,6264,0,0,3.048543034,-5.978478929
2048449,6264,0,0,3.048543034,-5.978478929
2048449,6264,0,0,3.048543034,-5.978478929
2048449,6264,0,0,3.048543034,-5.978478929
2048449,6264,0,0,3.048543034,-5.978478929
2048449,6264,0,0,3.048543034,-5.978478929
2048449,6264,0,0,3.048543034,-5.978478929
2048449,6264,0,0,3.048543034,-5.978478929
2048449,6264,0,0,3.048543034,-5.978478929
2048449,6264,0,0,3.048543034,-5.978478929
2048449,6264,0,0,3.048543034,-5.978478929
2048560,6375,0,0,3.233490682,-6.115362755
2048581,6396,0,0,3.232614019,-6.115782256
2048601,6416,0,0,3.170805562,-6.110576553
2048611,6426,0,0,3.167367337,-6.030008103
2048611,6426,0,0,3.167367337,-6.030008103
2048631,6446,0,0,3.161337316,-5.932339428
2048631,6446,0,0,3.161337316,-5.932339428
2048641,6456,0,0,3.212868355,-5.995907115
2048652,6467,0,0,3.231308021,-6.061367464
2048662,6477,0,0,3.225250908,-6.134445758
2048682,6497,0,0,3.165251816,-6.097504318
2048692,6507,0,0,3.119933608,-6.024074988
2048692,6507,0,0,3.119933608,-6.024074988
2048712,6527,0,0,3.100343317,-6.16708829
2048722,6537,0,0,3.142556023,-6.206376787
2048733,6548,0,0,3.053710163,-6.267596432
2048743,6558,0,0,3.019121222,-6.17710666
2048753,6568,0,0,3.02985992,-6.121445547
2048763,6578,0,0,3.060470442,-6.087799747
2048763,6578,0,0,3.060470442,-6.087799747
2048783,6598,0,0,3.132661845,-6.127777347
2048793,6608,0,0,3.080380231,-6.064511105
2048793,6608,0,0,3.080380231,-6.064511105
2048814,6629,0,0,3.127459098,-6.030312308
2048824,6639,0,0,3.228317507,-6.350149672
2048834,6649,0,0,3.080586615,-6.179932861
2048844,6659,0,0,3.037298436,-6.125432014
2048854,6669,0,0,3.08372763,-6.074838697
2048864,6679,0,0,3.074274409,-6.051132317
2048885,6700,0,0,3.091205564,-6.09998667
2048895,6710,0,0,3.091827648,-6.073633302
2048905,6720,0,0,3.044090935,-5.995491164
2048915,6730,0,0,3.076074045,-5.978569951
2048925,6740,0,0,3.119488781,-6.050809663
2048935,6750,0,0,3.144902962,-6.075231661
2048945,6760,0,0,3.134177351,-6.03487425
2048956,6771,0,0,3.134194889,-6.051065481
2048966,6781,0,0,3.171290338,-6.105088549
2048966,6781,0,0,3.171290338,-6.105088549
2048986,6801,0,0,3.140358212,-6.043399044
2048996,6811,0,0,3.104024552,-5.963054883
2048996,6811,0,0,3.104024552,-5.963054883
2049006,6821,0,0,3.127502503,-5.954425349
2049027,6842,0,0,3.152474207,-6.02871869
2049027,6842,0,0,3.152474207,-6.02871869
2049047,6862,0,0,3.170000928,-6.075692616
2049057,6872,0,0,3.235393384,-6.077605585
2049067,6882,0,0,3.176874586,-5.895858696
2049077,6892,0,0,3.169380013,-5.907286747
2049087,6902,0,0,3.204754919,-6.004291877
2049097,6912,0,0,3.182059138,-6.079397558
2049108,6923,0,0,3.189965269,-6.070921748
2049118,6933,0,0,3.201194685,-6.101814444
2049128,6943,0,0,3.189475772,-6.104602215
2049138,6953,0,0,3.197134302,-6.112970225
2049148,6963,0,0,3.179820596,-6.113912945
2049158,6973,0,0,3.174352407,-6.204265098
2049168,6983,0,0,3.123558679,-6.173629254
2049179,6994,0,0,3.095902381,-6.101148331
2049189,7004,0,0,3.139550956,-6.113947519
2049199,7014,0,0,3.124835341,-6.034611526
2049209,7024,0,0,3.133132865,-6.043201998
2049219,7034,0,0,3.132270036,-6.043614528
2049229,7044,0,0,3.148103416,-6.026682601
2049249,7064,0,0,3.182194355,-6.058500405
2049260,7075,0,0,3.189246848,-6.050454744
2049260,7075,0,0,3.189246848,-6.050454744
2049280,7095,0,0,3.176070966,-6.090315474
2049290,7105,0,0,3.259230138,-6.084887604
2049300,7115,0,0,3.190739161,-5.961580133
2049300,7115,0,0,3.190739161,-5.961580133
2049320,7135,0,0,3.153182292,-6.10259004
2049331,7146,0,0,3.171704946,-6.18462402
2049331,7146,0,0,3.171704946,-6.18462402
2049341,7156,0,0,3.156757577,-6.159075574
2049361,7176,0,0,3.13682035,-6.187089488
2049371,7186,0,0,3.163467903,-6.260035232
2049381,7196,0,0,3.18077211,-6.309247829
2049391,7206,0,0,3.163501277,-6.29396408
2049402,7217,0,0,3.15374976,-6.269324491
2049412,7227,0,0,3.169120991,-6.267707102
2049422,7237,0,0,3.156016357,-6.261355177
2049432,7247,0,0,3.157018127,-6.179580162
2049442,7257,0,0,3.171243925,-6.14514812
2049452,7267,0,0,3.161630041,-6.090307407
2049462,7277,0,0,3.185933776,-6.097580379
2049472,7287,0,0,3.13687536,-6.132265204
2049483,7298,0,0,3.162201304,-6.106730796
2049493,7308,0,0,3.198538901,-6.14453958
2049493,7308,0,0,3.198538901,-6.14453958
2049513,7328,0,0,3.178264873,-6.139295563
2049523,7338,0,0,3.194598052,-6.043597243
2049533,7348,0,0,3.134713237,-5.912238208
2049543,7358,0,0,3.169043334,-5.961201077
2049554,7369,0,0,3.179687726,-6.051067786
2049564,7379,0,0,3.215462923,-6.072411776
2049574,7389,0,0,3.203209178,-6.042588964
2049594,7409,0,0,3.21847875,-6.059406154
2049604,7419,0,0,3.199619799,-5.994817117
2049614,7429,0,0,3.18232426,-5.995693954
2049624,7439,0,0,3.138231196,-5.906512581
2049635,7450,0,0,3.13825647,-5.940400629
2049645,7460,0,0,3.1888239,-5.911908724
2049665,7480,0,0,3.177832886,-5.964543462
2049675,7490,0,0,3.151089692,-5.908369659
2049675,7490,0,0,3.151089692,-5.908369659
2049695,7510,0,0,3.276590998,-6.011378178
2049695,7510,0,0,3.276590998,-6.011378178
2049716,7531,0,0,3.165511512,-6.053335588
2049716,7531,0,0,3.165511512,-6.053335588
2049736,7551,0,0,3.209754594,-6.014204659
2049746,7561,0,0,3.15799298,-5.966668036
2049756,7571,0,0,3.150345137,-5.992153198
2049766,7581,0,0,3.176734629,-6.065189849
2049777,7592,0,0,3.177443463,-6.114885631
2049787,7602,0,0,3.167769236,-6.121987216
2049797,7612,0,0,3.173025612,-6.163612102
2049807,7622,0,0,3.151686566,-6.157202653
2049817,7632,0,0,3.150102381,-6.139673592
2049827,7642,0,0,3.125655777,-6.150687247
2049837,7652,0,0,3.091611288,-6.134868731
2049847,7662,0,0,3.121712277,-6.052555454
2049858,7673,0,0,3.143352856,-5.962244922
2049868,7683,0,0,3.174017327,-6.106865633
2049878,7693,0,0,3.157302536,-6.216586098
2049888,7703,0,0,3.132507082,-6.242261827
2049898,7713,0,0,3.087385098,-6.120732158
2049908,7723,0,0,3.088012207,-6.170421578
2049918,7733,0,0,3.161765452,-6.160382588
2049929,7744,0,0,3.203131794,-6.167581596
2049949,7764,0,0,3.173795492,-6.157033226
2049959,7774,0,0,3.169235393,-6.135540648
2049969,7784,0,0,3.159760139,-6.094680859
2049979,7794,0,0,3.159890084,-6.127952528
2049989,7804,0,0,3.18542788,-6.185264879
2049999,7814,0,0,3.227636597,-6.241530984
2050010,7825,0,0,3.177405492,-6.24315521
2050020,7835,0,0,3.164897859,-6.282671895
2050030,7845,0,0,3.153078772,-6.285243886
2050040,7855,0,0,3.199726023,-6.202574138
2050060,7875,0,0,3.123939061,-6.196318672
2050070,7885,0,0,3.13918222,-6.163725055
2050081,7896,0,0,3.197792634,-6.219628065
2050081,7896,0,0,3.197792634,-6.219628065
2050101,7916,0,0,3.120983144,-6.164949095
2050111,7926,0,0,3.145662767,-6.173235065
2050111,7926,0,0,3.145662767,-6.173235065
2050121,7936,0,0,3.185889387,-6.163835702
2050131,7946,0,0,3.202893585,-6.213163761
2050141,7956,0,0,3.194252949,-6.221338676
2050152,7967,0,0,3.202009833,-6.21359256
2050172,7987,0,0,3.17044496,-6.189614905
2050182,7997,0,0,3.212870014,-6.203242683
2050182,7997,0,0,3.212870014,-6.203242683
2050202,8017,0,0,3.219936119,-6.177529667
2050212,8027,0,0,3.258717725,-6.215201714
2050222,8037,0,0,3.19937798,-6.114383153
2050233,8048,0,0,3.191171834,-6.123434743
2050243,8058,0,0,3.194233912,-6.162853706
2050253,8068,0,0,3.179270786,-6.034361476
2050263,8078,0,0,3.214804072,-6.148368321
2050273,8088,0,0,3.238364564,-6.140029722
2050283,8098,0,0,3.204599091,-6.141201844
2050293,8108,0,0,3.178084214,-6.084914109
2050304,8119,0,0,3.26876794,-6.091104883
2050314,8129,0,0,3.292339555,-6.08278331
2050324,8139,0,0,3.227551984,-6.040775219
2050334,8149,0,0,3.140964326,-6.005010873
2050344,8159,0,0,3.206097409,-6.003351652
2050364,8179,0,0,3.175790821,-6.152100276
2050374,8189,0,0,3.149316463,-6.095792954
2050385,8200,0,0,3.214645454,-6.077943236
2050395,8210,0,0,3.14295118,-6.094246393
2050405,8220,0,0,3.147583761,-6.09663884
2050415,8230,0,0,3.19951868,-6.094294795
2050415,8230,0,0,3.19951868,-6.094294795
2050435,8250,0,0,3.18925395,-6.020564006
2050445,8260,0,0,3.332211103,-6.285397215
2050445,8260,0,0,3.332211103,-6.285397215
2050466,8281,0,0,3.249130939,-6.150150159
2050476,8291,0,0,3.236524247,-6.103789738
2050486,8301,0,0,3.245873395,-6.177974574
2050506,8321,0,0,3.206078459,-6.285829532
2050516,8331,0,0,3.240522118,-6.367070074
2050527,8342,0,0,3.189149855,-6.336322051
2050527,8342,0,0,3.189149855,-6.336322051
2050547,8362,0,0,3.214440709,-6.220549074
2050557,8372,0,0,3.258586443,-6.195593656
2050567,8382,0,0,3.258990827,-6.276390111
2050577,8392,0,0,3.217435638,-6.238593789
2050587,8402,0,0,3.222218632,-6.131425024
2050597,8412,0,0,3.270915522,-6.114666661
2050608,8423,0,0,3.228095838,-6.058647906
2050618,8433,0,0,3.223318442,-6.105735075
2050628,8443,0,0,3.227428819,-6.091720276
2050638,8453,0,0,3.245108578,-6.173968119
2050648,8463,0,0,3.228438896,-6.174946678
2050648,8463,0,0,3.228438896,-6.174946678
2050668,8483,0,0,3.201653021,-6.117709197
2050679,8494,0,0,3.222738936,-6.120936148
2050689,8504,0,0,3.129611255,-5.972438071
2050699,8514,0,0,3.149620479,-6.011586736
2050709,8524,0,0,3.161626571,-5.98994211
2050719,8534,0,0,3.146144566,-6.055734767
2050739,8554,0,0,3.177777016,-6.03912626
2050749,8564,0,0,3.137043014,-6.065167954
2050760,8575,0,0,3.162856234,-6.138417339
2050770,8585,0,0,3.114401696,-6.096520139
2050780,8595,0,0,3.111380012,-6.123736696
2050790,8605,0,0,3.134851396,-6.082867436
2050800,8615,0,0,3.109733873,-6.091303099
2050810,8625,0,0,3.084394059,-6.100376195
2050820,8635,0,0,3.109418182,-6.125223412
2050831,8646,0,0,3.125220739,-6.124708247
2050841,8656,0,0,3.036194739,-6.108141403
2050851,8666,0,0,3.071755028,-5.995223849
2050861,8676,0,0,3.120495069,-5.97857456
2050871,8686,0,0,3.10503682,-6.076979836
2050881,8696,0,0,3.120843842,-6.192732792
2050881,8696,0,0,3.120843842,-6.192732792
2050902,8717,0,0,3.087349721,-6.177503157
2050912,8727,0,0,3.233108727,-6.284997178
2050922,8737,0,0,3.204289513,-6.216142311
2050932,8747,0,0,3.158633816,-6.201973601
2050942,8757,0,0,3.132117662,-6.177278399
2050952,8767,0,0,3.139934931,-6.121397142
2050962,8777,0,0,3.147333129,-6.112830776
2050972,8787,0,0,3.154446667,-6.0722781
2050983,8798,0,0,3.16092578,-6.031510693
2050993,8808,0,0,3.189000959,-6.095099191
2051003,8818,0,0,3.201420546,-6.072151338
2051013,8828,0,0,3.192297263,-6.081575592
2051023,8838,0,0,3.159748821,-6.09850809
2051033,8848,0,0,3.152215077,-6.172994172
2051054,8869,0,0,3.184241486,-6.172927321
2051064,8879,0,0,3.143664383,-6.230827823
2051074,8889,0,0,3.146452927,-6.270340118
2051074,8889,0,0,3.146452927,-6.270340118
2051094,8909,0,0,3.149955048,-6.22334669
2051104,8919,0,0,3.16485111,-6.19067533
2051114,8929,0,0,3.137484733,-6.201186333
2051114,8929,0,0,3.137484733,-6.201186333
2051135,8950,0,0,3.143694698,-6.143993278
2051145,8960,0,0,3.340818316,-6.091891987
2051155,8970,0,0,3.309678615,-5.920546808
2051165,8980,0,0,3.283073963,-5.798556944
2051175,8990,0,0,3.218053432,-5.881997891
2051185,9000,0,0,3.251562642,-5.947050604
2051195,9010,0,0,3.267495626,-5.931051398
2051206,9021,0,0,3.16910038,-6.014072149
2051216,9031,0,0,3.122533622,-6.021330267
2051236,9051,0,0,3.167524652,-5.999364935
2051236,9051,0,0,3.167524652,-5.999364935
2051246,9061,0,0,3.141854714,-5.991899712
2051256,9071,0,0,3.149718284,-5.984221435
2051266,9081,0,0,3.1738996,-5.991914691
2051277,9092,0,0,3.182623371,-6.066168208
2051287,9102,0,0,3.206822938,-6.121412124
2051297,9112,0,0,3.237353273,-6.220914481
2051307,9122,0,0,3.231657917,-6.131498785
2051317,9132,0,0,3.155813484,-6.090256701
2051337,9152,-0.094251211,0.184673307,3.178829794,-6.183571675
2051347,9162,-0.157668792,0.309172573,3.162928351,-6.266354862
2051347,9162,-0.157668792,0.309172573,3.162928351,-6.266354862
2051368,9183,-0.220335608,0.434099686,3.103753227,-6.226356421
2051378,9193,-0.284242215,0.559614738,3.286907525,-6.325148849
2051388,9203,-0.350587925,0.685100224,3.347663432,-6.223399715
2051398,9213,-0.419358586,0.810367879,3.529402705,-6.303365775
2051408,9223,-0.491440482,0.93885926,3.678786842,-6.545772323
2051418,9233,-0.564198286,1.071131804,3.596993557,-6.681482105
2051429,9244,-0.635693007,1.203225442,3.552478601,-6.527881717
2051439,9254,-0.70790017,1.33588294,3.668237634,-6.737868047
2051449,9264,-0.78039968,1.472787838,3.581713393,-6.952621807
2051459,9274,-0.851833705,1.612614898,3.56168906,-7.030084134
2051469,9284,-0.923217742,1.75355392,3.576714679,-7.063818032
2051479,9294,-0.994878829,1.892207271,3.589394043,-6.801517077
2051489,9304,-1.069024106,2.026964565,3.825133642,-6.67421237
2051499,9314,-1.145334141,2.157357754,3.805869872,-6.365106472
2051520,9335,-1.287519391,2.403311221,3.468535035,-6.119729496
2051530,9345,-1.355465943,2.525422031,3.326120116,-6.091351501
2051540,9355,-1.418827215,2.644643286,3.010007071,-5.830773966
2051550,9365,-1.475974555,2.755838217,2.704726949,-5.288719182
2051560,9375,-1.530996884,2.861253994,2.797505999,-5.252858529
2051570,9385,-1.584602653,2.96470703,2.563070832,-5.092445087
2051581,9396,-1.633186014,3.063299014,2.295265312,-4.766753302
2051581,9396,-1.633186014,3.063299014,2.295265312,-4.766753302
2051601,9416,-1.677762149,3.155594169,2.162348203,-4.462762172
2051611,9426,-1.716207964,3.237414532,1.682233306,-3.719274104
2051621,9436,-1.745302893,3.307794847,1.227259546,-3.318757434
2051631,9446,-1.769913156,3.37149627,1.233766815,-3.051384803
2051641,9456,-1.791595131,3.428278605,0.934430627,-2.62684876
2051652,9467,-1.809188337,3.476823288,0.824890035,-2.227619471
2051662,9477,-1.825771245,3.522442384,0.833400763,-2.334290196
2051672,9487,-1.844252511,3.570292927,1.01472575,-2.45076406
2051682,9497,-1.861088411,3.619468096,0.668864305,-2.466752844
2051692,9507,-1.873970502,3.669298771,0.619344787,-2.516314711
2051702,9517,-1.8847867,3.718248539,0.462275034,-2.378662049
2051712,9527,-1.896559826,3.764908358,0.715037564,-2.28731988
2051722,9537,-1.909546845,3.810993373,0.583664279,-2.321181564
2051733,9548,-1.921468607,3.859294961,0.608511934,-2.508977234
2051743,9558,-1.933562781,3.910567887,0.600905475,-2.618315356
2051753,9568,-1.945642223,3.96070066,0.607038704,-2.394961942
2051763,9578,-1.957605193,4.006311192,0.589258352,-2.166091291
2051773,9588,-1.970449869,4.048730575,0.695209184,-2.075847046
2051783,9598,-1.985173959,4.091552342,0.777199825,-2.206329612
2051804,9619,-2.016253796,4.176706796,0.826331361,-2.108114617
2051814,9629,-2.032296986,4.222294551,0.777987685,-2.450660834
2051814,9629,-2.032296986,4.222294551,0.777987685,-2.450660834
2051834,9649,-2.045900472,4.272169475,0.582360954,-2.536831648
2051844,9659,-2.059986623,4.322545542,0.826254089,-2.500774955
2051854,9669,-2.078138617,4.371579697,0.988945329,-2.402640576
2051864,9679,-2.098813824,4.420699809,1.078575352,-2.509370661
2051874,9689,-2.120297486,4.471629844,1.069790839,-2.583632868
2051885,9700,-2.140622214,4.525185671,0.962681955,-2.771949795
2051895,9710,-2.15962487,4.578610995,0.937583648,-2.570582587
2051905,9720,-2.177699591,4.626720664,0.869888509,-2.240384359
2051915,9730,-2.193949423,4.671538994,0.755094618,-2.241448583
2051925,9740,-2.208887784,4.716531843,0.738741539,-2.257836347
2051935,9750,-2.224070187,4.761932784,0.779498724,-2.282257785
2051945,9760,-2.239574581,4.806190427,0.770940715,-2.143506513
2051956,9771,-2.255153534,4.84954971,0.786954537,-2.192421702
2051966,9781,-2.270160005,4.892522633,0.713692632,-2.104870629
2051976,9791,-2.28417767,4.932224685,0.688073793,-1.865334622
2051986,9801,-2.299162504,4.966334813,0.810409604,-1.545678103
2051996,9811,-2.31667986,4.996435308,0.941326065,-1.4643714
2052006,9821,-2.335175929,5.027523953,0.908280795,-1.644493183
2052016,9831,-2.354239208,5.060990023,0.998047095,-1.702113766
2052016,9831,-2.354239208,5.060990023,0.998047095,-1.702113766
2052037,9852,-2.37322685,5.096656745,0.900717156,-1.864558426
2052047,9862,-2.389694179,5.135206646,0.746015762,-1.990431722
2052047,9862,-2.389694179,5.135206646,0.746015762,-1.990431722
2052067,9882,-2.403206938,5.173602513,0.605260083,-1.849154961
2052077,9892,-2.413294343,5.210848854,0.403480399,-1.875479088
2052087,9902,-2.421726068,5.248753947,0.439692122,-1.915030229
2052097,9912,-2.431500171,5.287059161,0.537718155,-1.915491144
2052108,9923,-2.442088589,5.324225148,0.521123679,-1.801107554
2052128,9943,-2.460481822,5.38728996,0.340902687,-1.35872487
2052138,9953,-2.469014234,5.415206463,0.512338582,-1.432925447
2052148,9963,-2.479175969,5.444112373,0.503834883,-1.457665614
2052158,9973,-2.488435775,5.471791218,0.422145684,-1.310218857
2052168,9983,-2.49990483,5.497917962,0.724759833,-1.302455553
2052179,9994,-2.515541706,5.525282238,0.838927753,-1.433971995
2052189,10004,-2.531247991,5.555841282,0.731700739,-1.621932399
2052199,10014,-2.546130891,5.589364866,0.756589274,-1.730425998
2052209,10024,-2.560510538,5.625020113,0.681375495,-1.835098772
2052219,10034,-2.573559926,5.661478091,0.623563219,-1.810699048
2052229,10044,-2.586027321,5.697366427,0.623176275,-1.778134492
2052239,10054,-2.599225375,5.732851191,0.696629192,-1.770341968
2052249,10064,-2.612908434,5.768013366,0.671676671,-1.745875466
2052260,10075,-2.626510648,5.800803986,0.688544715,-1.533186552
2052270,10085,-2.640965392,5.835549462,0.756929669,-1.94136109
2052280,10095,-2.654869198,5.874944099,0.633450945,-1.998102544
2052280,10095,-2.654869198,5.874944099,0.633450945,-1.998102544
2052300,10115,-2.669014683,5.912123901,0.781097563,-1.719877648
2052310,10125,-2.682900897,5.944873354,0.607523825,-1.555067735
2052320,10135,-2.693844427,5.974836655,0.486829257,-1.441262313
2052331,10146,-2.704735211,6.000554744,0.602249135,-1.130546592
2052341,10156,-2.717452107,6.019081331,0.669440382,-0.722112096
2052361,10176,-2.74045005,6.049583137,0.521436621,-0.85233595
2052361,10176,-2.74045005,6.049583137,0.521436621,-0.85233595
2052371,10186,-2.751370844,6.066141163,0.570642774,-0.803466715
2052381,10196,-2.762860017,6.083438796,0.57827455,-0.926296527
2052391,10206,-2.772945884,6.102943159,0.430312118,-1.024139817
2052402,10217,-2.780080084,6.121785435,0.283107905,-0.860087789
2052422,10237,-2.788056198,6.152513433,0.160096486,-0.769872178
2052422,10237,-2.788056198,6.152513433,0.160096486,-0.769872178
2052432,10247,-2.791092694,6.167747512,0.14355314,-0.753535708
2052442,10257,-2.794694533,6.18339306,0.216630765,-0.811019048
2052462,10277,-2.804164093,6.216827222,0.282352256,-0.69702035
2052472,10287,-2.809745633,6.227740003,0.275801793,-0.394257662
2052472,10287,-2.809745633,6.227740003,0.275801793,-0.394257662
2052483,10298,-2.813707795,6.235535463,0.120414418,-0.385288373
2052503,10318,-2.822945271,6.252932503,0.398971771,-0.516521573
2052513,10328,-2.831339582,6.262203524,0.440459295,-0.410580486
2052513,10328,-2.831339582,6.262203524,0.440459295,-0.410580486
2052534,10349,-2.840147134,6.270906688,0.440295939,-0.459735955
2052543,10358,-2.848994579,6.280477464,0.444448511,-0.497341633
2052554,10369,-2.856534957,6.288735367,0.309589259,-0.328448709
2052564,10379,-2.861828702,6.294892528,0.219785243,-0.287267345
2052574,10389,-2.866628285,6.302362068,0.260173127,-0.459686679
2052584,10399,-2.871744653,6.312124758,0.251463624,-0.516582309
2052594,10409,-2.876857537,6.321884331,0.259824761,-0.45937498
2052604,10419,-2.881888996,6.331235106,0.24332117,-0.475702529
2052614,10429,-2.886674834,6.340339983,0.23526259,-0.434785174
2052624,10439,-2.892112619,6.349612239,0.308515975,-0.492440369
2052635,10450,-2.897954125,6.359460759,0.275634622,-0.49241172
2052645,10460,-2.904045952,6.368416734,0.333548061,-0.403185707
2052655,10470,-2.911522432,6.377791328,0.414099947,-0.534273698
2052665,10480,-2.920620854,6.388646737,0.495742247,-0.551267243
2052675,10490,-2.930542504,6.398364339,0.496422721,-0.420492917
2052685,10500,-2.939820065,6.406116025,0.431333426,-0.354675745
2052695,10510,-2.94852206,6.414110722,0.438866014,-0.444793896
2052706,10521,-2.956892995,6.422594746,0.398227546,-0.40360856
2052716,10531,-2.964866942,6.429851846,0.399167121,-0.32210138
2052726,10541,-2.972845776,6.436454339,0.398716272,-0.338147903
2052736,10551,-2.978781041,6.444583125,0.194810283,-0.474730759
2052746,10561,-2.982351882,6.453917559,0.162273827,-0.458712619
2052746,10561,-2.982351882,6.453917559,0.162273827,-0.458712619
2052766,10581,-2.985593666,6.463910049,0.161904516,-0.540536402
2052777,10592,-2.992129045,6.479738961,0.491633346,-1.042354816
2052787,10602,-3.002391425,6.502615605,0.534604658,-1.245309513
2052807,10622,-3.02281844,6.546749047,0.453940422,-0.820088743
2052807,10622,-3.02281844,6.546749047,0.453940422,-0.820088743
2052817,10632,-3.031246895,6.562005423,0.388905083,-0.705548893
2052837,10652,-3.042918072,6.581705063,0.227618141,-0.246769102
2052847,10662,-3.046578592,6.585244793,0.138433843,-0.107203904
2052858,10673,-3.048782123,6.586158237,0.081919243,0.015859472
2052868,10683,-3.049786246,6.582561852,0.018493112,0.343779032
2052878,10693,-3.049758876,6.573804634,-0.02123013,0.531942805
2052888,10703,-3.049080863,6.564391227,-0.04657118,0.409397871
2052898,10713,-3.048385324,6.557759358,-0.022982705,0.253789047
2052898,10713,-3.048385324,6.557759358,-0.022982705,0.253789047
2052918,10733,-3.045719081,6.552260752,-0.097679135,0.08243605
2052929,10744,-3.04318932,6.551180921,-0.155296967,0.025547043
2052939,10754,-3.040735798,6.551001219,-0.09005525,-0.007576794
2052949,10764,-3.038776865,6.550168654,-0.105838096,0.090833329
2052959,10774,-3.037804553,6.548688199,0.008606976,0.057212137
2052969,10784,-3.038545812,6.547627551,0.065518907,0.048852679
2052979,10794,-3.041002613,6.5466535,0.180161192,0.048552449
2052989,10804,-3.045504161,6.546258686,0.269993554,-0.009071068
2053010,10825,-3.058356388,6.544585683,0.393062644,0.080366524
2053020,10835,-3.066140647,6.542732072,0.385363307,0.104994575
2053030,10845,-3.073997407,6.543088567,0.400312677,-0.140644091
2053040,10855,-3.081341738,6.547699578,0.334120374,-0.320456966
2053050,10865,-3.087695508,6.554435079,0.301256668,-0.353093206
2053060,10875,-3.092651429,6.562556232,0.194335418,-0.459022026
2053070,10885,-3.095720608,6.571406341,0.112582451,-0.425988878
2053081,10896,-3.098298749,6.579928238,0.145231699,-0.426200878
2053091,10906,-3.100384225,6.588452405,0.063315855,-0.426215776
2053101,10916,-3.100916346,6.596232328,-0.010103725,-0.351776524
2053111,10926,-3.101288625,6.602862209,0.047331587,-0.311211578
2053121,10936,-3.102647993,6.608352358,0.088605267,-0.237803378
2053131,10946,-3.10483526,6.612047371,0.13012145,-0.131697903
2053141,10956,-3.107194581,6.614271045,0.105810594,-0.090669463
2053152,10967,-3.109716348,6.616659754,0.146366137,-0.148201429
2053162,10977,-3.112723291,6.619869502,0.154328193,-0.172773393
2053172,10987,-3.114171336,6.623644602,-0.009523764,-0.204736591
2053192,11007,-3.115086463,6.633635288,0.055316325,-0.28669438
2053202,11017,-3.115067728,6.63919551,-0.057189841,-0.269327825
2053212,11027,-3.113512601,6.645652381,-0.098322829,-0.376359202
2053222,11037,-3.112116771,6.65440667,-0.041260229,-0.499069739
2053233,11048,-3.111699401,6.664634183,-0.00047672,-0.523681549
2053243,11058,-3.1116062,6.675358574,-0.008843428,-0.548757572
2053253,11068,-3.112082614,6.686492511,0.056484878,-0.564636128
2053263,11078,-3.113785396,6.69688657,0.11379332,-0.474769721
2053283,11098,-3.118913276,6.711869565,0.187484747,-0.352228023
2053293,11108,-3.123398234,6.71899818,0.261011114,-0.360633477
2053304,11119,-3.129192884,6.725312129,0.318453829,-0.270761381
2053314,11129,-3.13670719,6.730731184,0.432976799,-0.271144121
2053324,11139,-3.145696861,6.736322804,0.465990273,-0.288017929
2053334,11149,-3.154683484,6.742244247,0.432672056,-0.30412628
2053344,11159,-3.163499824,6.748329087,0.448961932,-0.304357758
2053354,11169,-3.171662967,6.753595689,0.36735239,-0.222302453
2053364,11179,-3.177378221,6.756726818,0.204173023,-0.090810411
2053374,11189,-3.180234699,6.758456544,0.081474707,-0.082162176
2053385,11200,-3.180638578,6.759685481,-0.041086817,-0.040731573
2053395,11210,-3.180051649,6.762876443,-0.017606051,-0.278364618
2053405,11220,-3.179212799,6.767457243,-0.066278945,-0.179715383
2053415,11230,-3.177726553,6.770396211,-0.082345681,-0.114181397
2053425,11240,-3.176982187,6.772111143,0.007909113,-0.057311832
2053435,11250,-3.178286619,6.773576632,0.122534137,-0.089237067
2053435,11250,-3.178286619,6.773576632,0.122534137,-0.089237067
2053456,11271,-3.180580577,6.776020311,0.106861655,-0.155130804
2053456,11271,-3.180580577,6.776020311,0.106861655,-0.155130804
2053456,11271,-3.180580577,6.776020311,0.106861655,-0.155130804
2053456,11271,-3.180580577,6.776020311,0.106861655,-0.155130804
2053456,11271,-3.180580577,6.776020311,0.106861655,-0.155130804
2053456,11271,-3.180580577,6.776020311,0.106861655,-0.155130804
2053456,11271,-3.180580577,6.776020311,0.106861655,-0.155130804
2053456,11271,-3.180580577,6.776020311,0.106861655,-0.155130804
2053456,11271,-3.180580577,6.776020311,0.106861655,-0.155130804
2053456,11271,-3.180580577,6.776020311,0.106861655,-0.155130804
2053456,11271,-3.180580577,6.776020311,0.106861655,-0.155130804
2053456,11271,-3.180580577,6.776020311,0.106861655,-0.155130804
2053456,11271,-3.180580577,6.776020311,0.106861655,-0.155130804
2053456,11271,-3.180580577,6.776020311,0.106861655,-0.155130804
2053456,11271,-3.180580577,6.776020311,0.106861655,-0.155130804
2053456,11271,-3.180580577,6.776020311,0.106861655,-0.155130804
2053456,11271,-3.180580577,6.776020311,0.106861655,-0.155130804
2053456,11271,-3.180580577,6.776020311,0.106861655,-0.155130804
2053456,11271,-3.180580577,6.776020311,0.106861655,-0.155130804
2053456,11271,-3.180580577,6.776020311,0.106861655,-0.155130804
2053456,11271,-3.180580577,6.776020311,0.106861655,-0.155130804
2053456,11271,-3.180580577,6.776020311,0.106861655,-0.155130804
2053456,11271,-3.180580577,6.776020311,0.106861655,-0.155130804
2053456,11271,-3.180580577,6.776020311,0.106861655,-0.155130804
2053456,11271,-3.180580577,6.776020311,0.106861655,-0.155130804
2053456,11271,-3.180580577,6.776020311,0.106861655,-0.155130804
2053456,11271,-3.180580577,6.776020311,0.106861655,-0.155130804
2053456,11271,-3.180580577,6.776020311,0.106861655,-0.155130804
2053456,11271,-3.180580577,6.776020311,0.106861655,-0.155130804
2053456,11271,-3.180580577,6.776020311,0.106861655,-0.155130804
2053456,11271,-3.180580577,6.776020311,0.106861655,-0.155130804
2054449,12264,-3.182981918,6.782376121,0.13327239,-0.480450222
2054469,12284,-3.185314502,6.795670005,0.004513792,-0.212683568
2054479,12294,-3.186132002,6.799499318,0.077236213,-0.170247784
2054489,12304,-3.187582565,6.802333526,0.067820013,-0.113172989
2054499,12314,-3.188681591,6.804029482,0.042082628,-0.056422601
2054510,12325,-3.189940427,6.805558775,0.083800952,-0.096506765
2054520,12335,-3.19157268,6.809374755,0.079424396,-0.285091224
2054530,12345,-3.193682762,6.816700227,0.131583803,-0.447455938
2054540,12355,-3.197073568,6.826863136,0.207496808,-0.568834968
2054550,12365,-3.201660186,6.839786622,0.251164989,-0.723513663
2054570,12385,-3.212920252,6.868463542,0.307537102,-0.698111343
2054581,12396,-3.218482883,6.881700711,0.248725942,-0.625605567
2054601,12416,-3.229055779,6.900782468,0.346411516,-0.37480989
2054601,12416,-3.229055779,6.900782468,0.346411516,-0.37480989
2054621,12436,-3.23380499,6.906539591,0.128509581,-0.200902333
2054631,12446,-3.237835935,6.906321361,0.27458493,0.222725299
2054641,12456,-3.244288067,6.902024282,0.370628287,0.2069826
2054652,12467,-3.249135309,6.896894136,0.1140959,0.306031965
2054662,12477,-3.252216576,6.890096558,0.194030828,0.373725831
2054672,12487,-3.256305979,6.884086462,0.214909427,0.227283786
2054682,12497,-3.258868639,6.879019344,0.041356579,0.279428041
2054692,12507,-3.25924636,6.874916794,-0.003584433,0.130827005
2054702,12517,-3.258976222,6.874024078,-0.023429397,-0.041555487
2054712,12527,-3.259166227,6.875001258,0.04242984,-0.056162478
2054722,12537,-3.260010331,6.875961031,0.041980631,-0.03981484
2054722,12537,-3.260010331,6.875961031,0.041980631,-0.03981484
2054733,12548,-3.261097359,6.87683281,0.066722118,-0.047362989
2054753,12568,-3.265898363,6.875643624,0.169029966,0.110761978
2054773,12588,-3.273222281,6.873982011,0.189178419,-0.036074571
2054783,12598,-3.276351426,6.87472045,0.123736082,-0.037769381
2054793,12608,-3.278591087,6.875891336,0.100229941,-0.079319157
2054804,12619,-3.280797757,6.875754009,0.120437114,0.093051825
2054814,12629,-3.28313921,6.87446781,0.11370815,0.035568076
2054824,12639,-3.285059104,6.875623754,0.078281229,-0.151162485
2054834,12649,-3.286200307,6.880315827,0.035839054,-0.318044776
2054834,12649,-3.286200307,6.880315827,0.035839054,-0.318044776
2054854,12669,-3.287158638,6.886586388,0.059994131,-0.309011388
2054864,12679,-3.28832423,6.896434891,0.056565042,-0.675838872
2054874,12689,-3.289436412,6.909559969,0.054653178,-0.636668907
2054885,12700,-3.290111305,6.922062947,0.012836122,-0.613628903
2054895,12710,-3.290288015,6.934426183,0.004834897,-0.622694769
2054905,12720,-3.289685002,6.945587276,-0.065136224,-0.493414434
2054925,12740,-3.288860803,6.969684574,-0.011854037,-0.622624864
2054935,12750,-3.289055876,6.982858931,0.031361389,-0.694810862
2054945,12760,-3.287960737,6.996729593,-0.140875331,-0.692255283
2054956,12771,-3.286538953,7.01077455,-0.001303005,-0.712240406
2054966,12781,-3.287930286,7.025881883,0.14043627,-0.798492955
2054976,12791,-3.291272103,7.043300829,0.193745429,-0.943401594
2054986,12801,-3.294906945,7.062423771,0.169738713,-0.968892598
2054996,12811,-3.298462583,7.081796901,0.185825088,-0.968420414
2055006,12821,-3.301609804,7.098725547,0.128897066,-0.72444422
2055016,12831,-3.303727868,7.108971362,0.082909283,-0.300137292
2055027,12842,-3.305808162,7.115372549,0.125120193,-0.3399814
2055037,12852,-3.308315301,7.122334751,0.125593679,-0.356238804
2055037,12852,-3.308315301,7.122334751,0.125593679,-0.356238804
2055057,12872,-3.311390277,7.128668386,0.181903914,-0.277124723
2055067,12882,-3.315754849,7.135675618,0.254553284,-0.423598432
2055067,12882,-3.315754849,7.135675618,0.254553284,-0.423598432
2055087,12902,-3.319419258,7.145352858,0.11188763,-0.544125571
2055097,12912,-3.321235823,7.153826094,0.06976888,-0.303198075
2055108,12923,-3.322361562,7.159461627,0.042804968,-0.26035521
2055118,12933,-3.323554339,7.162773493,0.076472755,-0.070831353
2055128,12943,-3.32508666,7.162142494,0.076759383,0.133931298
2055138,12953,-3.326189168,7.156697284,0.033491375,0.410589654
2055148,12963,-3.327322362,7.145602539,0.079828039,0.698884893
2055158,12973,-3.329016543,7.132028644,0.089590079,0.658504578
2055168,12983,-3.33009996,7.119622877,0.018751566,0.582072107
2055189,13004,-3.328271774,7.101678531,-0.103862175,0.364523938
2055199,13014,-3.325460797,7.094493535,-0.177235464,0.353975578
2055209,13024,-3.320635261,7.088120515,-0.30531819,0.283326493
2055219,13034,-3.314565703,7.083433957,-0.301637637,0.185329252
2055229,13044,-3.3089148,7.081185954,-0.26345266,0.039471066
2055239,13054,-3.303265272,7.078935888,-0.301500129,0.185535517
2055249,13064,-3.296738914,7.075078614,-0.351135627,0.200191861
2055270,13085,-3.287210098,7.069689459,-0.117502368,0.077764148
2055270,13085,-3.287210098,7.069689459,-0.117502368,0.077764148
2055290,13105,-3.281035,7.068186728,-0.082456989,-0.158267187
2055300,13115,-3.280241118,7.072307096,0.003068791,-0.253769567
2055300,13115,-3.280241118,7.072307096,0.003068791,-0.253769567
2055320,13135,-3.27988257,7.077155319,-0.038923628,-0.231052733
2055331,13146,-3.278273496,7.081834804,-0.121983799,-0.236895805
2055341,13156,-3.276093116,7.08473706,-0.096054165,-0.053329773
2055351,13166,-3.273682118,7.085823972,-0.145045624,-0.055361483
2055361,13176,-3.271506366,7.086654188,-0.072529608,-0.027660112
2055371,13186,-3.270509556,7.088252558,-0.027151396,-0.132176897
2055381,13196,-3.269885576,7.092864567,-0.035246644,-0.329023968
2055391,13206,-3.269336742,7.099275058,-0.019636695,-0.31202519
2055402,13217,-3.268142691,7.103992914,-0.099768423,-0.159760321
2055412,13227,-3.266361772,7.106441932,-0.078323438,-0.08514156
2055422,13237,-3.265758746,7.10966336,0.01802082,-0.23700123
2055432,13247,-3.265576473,7.115160088,-0.036248134,-0.312671496
2055442,13257,-3.263843348,7.120799116,-0.13706438,-0.251231339
2055452,13267,-3.259812816,7.126367818,-0.265988808,-0.30563891
2055462,13277,-3.255426867,7.12924847,-0.172606082,0.017573762
2055472,13287,-3.253334342,7.128104892,-0.036646434,0.096784077
2055493,13308,-3.247911518,7.12562027,-0.102785379,-0.094244724
2055503,13318,-3.246595489,7.12755673,-0.028817529,-0.099401352
2055513,13328,-3.245135817,7.129988973,-0.117149682,-0.143822871
2055523,13338,-3.240761213,7.134269278,-0.320310716,-0.284207712
2055533,13348,-3.2344995,7.138241,-0.305860574,-0.112964432
2055533,13348,-3.2344995,7.138241,-0.305860574,-0.112964432
2055554,13369,-3.228320696,7.142632591,-0.312019748,-0.326194656
2055564,13379,-3.224705014,7.147654919,-0.049548475,-0.176038122
2055574,13389,-3.223225605,7.152904474,-0.098392436,-0.348917411
2055584,13399,-3.220197253,7.161730552,-0.204442742,-0.533690402
2055594,13409,-3.216614947,7.170988684,-0.15378787,-0.392122771
2055604,13419,-3.213570857,7.177764651,-0.150621142,-0.285473965
2055614,13429,-3.209458835,7.1845071,-0.260581059,-0.38877089
2055624,13439,-3.204570443,7.193986748,-0.228258138,-0.559193913
2055635,13450,-3.200126066,7.206066129,-0.216179589,-0.648744179
2055645,13460,-3.194797885,7.220484637,-0.316638518,-0.793106632
2055655,13470,-3.188543968,7.236253827,-0.308753151,-0.783812377
2055665,13480,-3.182871835,7.252234161,-0.258460179,-0.814221058
2055675,13490,-3.177482145,7.270982334,-0.280508755,-1.06059628
2055685,13500,-3.172294718,7.290702607,-0.238233973,-0.911430944
2055706,13521,-3.171290312,7.316293868,0.114520656,-0.371655118
2055716,13531,-3.17391549,7.321995538,0.147997168,-0.198511939
2055726,13541,-3.1769802,7.322765826,0.158473791,0.121483186
2055736,13551,-3.178395112,7.319511203,-0.016982575,0.203979136
2055736,13551,-3.178395112,7.319511203,-0.016982575,0.203979136
2055746,13561,-3.177515183,7.316191468,-0.071010288,0.127994294
2055766,13581,-3.177718102,7.312007109,0.084360198,0.110906364
2055766,13581,-3.177718102,7.312007109,0.084360198,0.110906364
2055787,13602,-3.177864528,7.311671436,-0.069717583,-0.077339013
2055797,13612,-3.175051363,7.314789135,-0.211598875,-0.23443092
2055807,13622,-3.170337391,7.317592636,-0.25979832,-0.045919134
2055817,13632,-3.165851661,7.31634535,-0.188774695,0.17064771
2055827,13642,-3.162807227,7.309537613,-0.11566871,0.510125962
2055837,13652,-3.161135757,7.29741733,-0.051478324,0.701902314
2055847,13662,-3.161280605,7.28225534,0.065963157,0.814296696
2055858,13673,-3.163197505,7.264792185,0.125726785,0.932018836
2055868,13683,-3.165280189,7.247313123,0.082541643,0.815887388
2055878,13693,-3.16668238,7.230933398,0.057677471,0.822085133
2055888,13703,-3.168279138,7.213486897,0.101998359,0.92256494
2055898,13713,-3.170384624,7.196343486,0.108550205,0.791776097
2055908,13723,-3.172482198,7.182314362,0.101207231,0.611136394
2055918,13733,-3.174252593,7.171578926,0.075832261,0.46240717
2055929,13744,-3.175024346,7.163841547,0.001343033,0.311330755
2055939,13754,-3.174616232,7.15706227,-0.042154501,0.366596941
2055949,13764,-3.173282716,7.148028558,-0.091197062,0.536774195
2055959,13774,-3.171943895,7.13711106,-0.042685031,0.554975598
2055969,13784,-3.171395158,7.12550528,-0.012188626,0.605602456
2055979,13794,-3.170048315,7.112543996,-0.122495729,0.69052597
2055989,13804,-3.166181568,7.09772039,-0.26417897,0.791834544
2055999,13814,-3.16085219,7.082739657,-0.268758781,0.706238786
2056020,13835,-3.155538108,7.068201195,-0.262649456,0.747607378
2056030,13845,-3.150687807,7.053392139,-0.222380601,0.733298281
2056040,13855,-3.147431703,7.040626369,-0.103229828,0.543278701
2056050,13865,-3.145869683,7.031453356,-0.052972208,0.37402263
2056060,13875,-3.144614415,7.024884208,-0.072554531,0.282892185
2056070,13885,-3.142604927,7.01950204,-0.128394318,0.25532459
2056070,13885,-3.142604927,7.01950204,-0.128394318,0.25532459
2056091,13906,-3.142520609,7.008689071,0.134183529,0.253170247
2056091,13906,-3.142520609,7.008689071,0.134183529,0.253170247
2056111,13926,-3.143619979,7.000024736,-0.067120071,0.184912136
2056121,13936,-3.142750844,6.999087088,-0.019793425,-0.09114731
2056131,13946,-3.142122458,7.001168221,-0.043045265,-0.116965977
2056141,13956,-3.141038329,7.002371845,-0.065367622,-0.003396494
2056152,13967,-3.138346145,7.002593374,-0.203850778,-0.018756347
2056162,13977,-3.134817606,7.005642048,-0.149003095,-0.286111102
2056172,13987,-3.131015953,7.011410795,-0.231162175,-0.290763578
2056182,13997,-3.126292425,7.016817841,-0.241190651,-0.249941026
2056192,14007,-3.12237116,7.02185128,-0.150935885,-0.25340287
2056202,14017,-3.119269032,7.025285254,-0.159276924,-0.089994518
2056212,14027,-3.116977952,7.026957764,-0.069831029,-0.077256507
2056233,14048,-3.113450408,7.028299746,-0.025903425,0.023111972
2056243,14058,-3.114141797,7.028917074,0.095042382,-0.084844767
2056253,14068,-3.116041637,7.030613339,0.094941541,-0.084781742
2056263,14078,-3.118103738,7.032300024,0.111268587,-0.083886781
2056273,14088,-3.120073673,7.032353229,0.085724909,0.078566289
2056283,14098,-3.122138468,7.032647249,0.120754588,-0.107968231
2056293,14108,-3.124158734,7.035074804,0.081272018,-0.1347873
2056304,14119,-3.125039544,7.036173085,0.006809031,0.024959188
2056314,14129,-3.125734096,7.03539714,0.062646097,0.052635348
2056324,14139,-3.127992223,7.033222534,0.163166642,0.164825288
2056334,14149,-3.131200848,7.028947661,0.157695841,0.262661962
2056354,14169,-3.134299058,7.025664638,0.152125145,0.065640351
2056364,14179,-3.137522787,7.024669994,0.170247798,0.033823992
2056374,14189,-3.140395659,7.024760052,0.117039343,-0.042829745
2056385,14200,-3.141961336,7.024921179,0.039528365,0.026717023
2056395,14210,-3.143095302,7.023138053,0.073868283,0.151595642
2056405,14220,-3.144056019,7.019643738,0.022203391,0.197835844
2056415,14230,-3.144010136,7.015713194,-0.02679166,0.195218558
2056425,14240,-3.143535496,7.012952633,-0.020672338,0.080837496
2056435,14250,-3.143216863,7.011576606,-0.011191017,0.05676523
2056445,14260,-3.143664068,7.010733728,0.055911528,0.027522602
2056456,14271,-3.143918298,7.008021819,-0.030488503,0.243668226
2056476,14291,-3.142539068,7.002611748,-0.107434499,0.297338928
2056486,14301,-3.142388265,6.998426804,0.092354155,0.121155454
2056496,14311,-3.143851086,6.996610916,0.053927971,0.060433308
2056496,14311,-3.143851086,6.996610916,0.053927971,0.060433308
2056506,14321,-3.145083932,6.995229583,0.06935662,0.077699976
2056516,14331,-3.146714899,6.99218708,0.093740091,0.226550394
2056527,14342,-3.147806471,6.989749024,0.015417149,0.017255197
2056537,14352,-3.148659824,6.9903566,0.06991812,-0.078012812
2056547,14362,-3.150095465,6.992572562,0.073645948,-0.143583374
2056557,14372,-3.151253999,6.994230783,0.042207516,-0.022238784
2056567,14382,-3.152229415,6.9955695,0.055334083,-0.111632876
2056577,14392,-3.153217496,6.998628595,0.043473995,-0.19427661
2056587,14402,-3.154523053,7.001506875,0.087081709,-0.093551444
2056608,14423,-3.159247163,7.002477398,0.106660735,-0.002375483
2056618,14433,-3.161678295,7.004969153,0.136452405,-0.246800042
2056628,14443,-3.164571474,7.011451225,0.152865552,-0.401407202
2056638,14453,-3.167688012,7.019067151,0.158788208,-0.360185415
2056648,14463,-3.170251356,7.025566351,0.097546186,-0.289734533
2056658,14473,-3.172345727,7.029468791,0.111890872,-0.100509454
2056668,14483,-3.173525678,7.031617819,0.006104304,-0.114393392
2056679,14494,-3.173648155,7.035462136,0.00614332,-0.2700383
2056689,14504,-3.1736939,7.040784257,-0.001568775,-0.262173797
2056689,14504,-3.1736939,7.040784257,-0.001568775,-0.262173797
2056709,14524,-3.17297104,7.045414606,-0.070717185,-0.20086108
2056719,14534,-3.171819207,7.046868868,-0.044466133,0.055434821
2056729,14544,-3.170716628,7.044794198,-0.065791839,0.152032238
2056739,14554,-3.169941172,7.041149721,-0.011753735,0.212415422
2056760,14575,-3.171790972,7.034573793,0.045962974,0.207404299
2056770,14585,-3.174373343,7.030825095,0.212274184,0.167465489
2056780,14595,-3.179303354,7.02653881,0.280726882,0.261163089
2056790,14605,-3.184781871,7.021815114,0.267124783,0.211206473
2056800,14615,-3.189747152,7.018185477,0.229403354,0.151757217
2056810,14625,-3.194019613,7.016888677,0.197842712,-0.02207721
2056820,14635,-3.195973403,7.018175839,-0.002463723,-0.106638966
2056831,14646,-3.194752691,7.018323192,-0.119607464,0.091903616
2056841,14656,-3.192816206,7.017361563,-0.074041064,0.004259368
2056851,14666,-3.19187833,7.018230706,-0.019746442,-0.091173667
2056861,14676,-3.191027236,7.019177003,-0.065363039,-0.003456081
2056871,14686,-3.189779869,7.017276693,-0.059373667,0.193487069
2056881,14696,-3.188239994,7.01449035,-0.09461381,0.085147289
2056892,14707,-3.187268107,7.01314862,-0.002574873,0.049025713
2056902,14717,-3.187922827,7.011556575,0.068046898,0.110178706
2056912,14727,-3.189222183,7.009767789,0.061888664,0.068699948
2056922,14737,-3.191610412,7.006933946,0.176934284,0.21468435
2056922,14737,-3.191610412,7.006933946,0.176934284,0.21468435
2056942,14757,-3.195174452,7.003132707,0.179469726,0.165439501
2056952,14767,-3.19871988,6.998654043,0.17507298,0.282426938
2056962,14777,-3.201809257,6.99174369,0.133864729,0.408608315
2056972,14787,-3.203705184,6.984268645,0.055727985,0.338896199
2056983,14798,-3.204200938,6.976622098,-0.006152587,0.425758543
2056993,14808,-3.204561385,6.967913399,0.0421973,0.445111324
2057003,14818,-3.204760792,6.959213352,-0.022256573,0.424893352
2057013,14828,-3.2044105,6.950956065,-0.012772682,0.400835376
2057023,14838,-3.204473386,6.944315969,0.019061357,0.263174192
2057033,14848,-3.204502882,6.938579033,-0.016111805,0.310519435
2057043,14858,-3.204516816,6.932515209,0.017505236,0.295862969
2057054,14869,-3.204618403,6.926528907,-0.007346565,0.302767205
2057064,14879,-3.203713559,6.921659322,-0.083137771,0.184191351
2057074,14889,-3.20214508,6.918214591,-0.073710176,0.160281714
2057084,14899,-3.201019245,6.913764036,-0.038873368,0.284773802
2057094,14909,-3.201031469,6.90909406,0.040095788,0.182223804
2057104,14919,-3.202193225,6.906087311,0.076079808,0.118451087
2057114,14929,-3.202973068,6.901953017,0.001904536,0.294978311
2057125,14940,-3.202978053,6.893679703,-0.001406098,0.53235306
2057135,14950,-3.203571679,6.880620526,0.060768754,0.773564653
2057155,14970,-3.204020075,6.851352654,-0.109809898,0.706887424
2057155,14970,-3.204020075,6.851352654,-0.109809898,0.706887424
2057175,14990,-3.202885409,6.840354462,-0.003656701,0.392931806
2057185,15000,-3.20159163,6.831194012,-0.125721236,0.523113151
2057195,15010,-3.198536361,6.819500078,-0.179805656,0.646280304
2057206,15021,-3.195791179,6.807185853,-0.094712516,0.585142174
2057216,15031,-3.195934598,6.796853111,0.109054385,0.448132049
2057226,15041,-3.198100186,6.787567414,0.107504399,0.480437617
2057236,15051,-3.199986479,6.777562343,0.081124959,0.520069473
2057246,15061,-3.202646243,6.768258021,0.18485145,0.410362757
2057246,15061,-3.202646243,6.768258021,0.18485145,0.410362757
2057266,15081,-3.209667568,6.759317682,0.126832474,0.088015519
2057277,15092,-3.212664016,6.758600544,0.172812346,-0.016301795
2057287,15102,-3.215489172,6.756009813,0.109703245,0.27537489
2057297,15112,-3.215005662,6.749313339,-0.158054259,0.394272559
2057307,15122,-3.212788623,6.742287833,-0.063649651,0.308277991
2057317,15132,-3.211882864,6.735204802,-0.026926223,0.400025194
2057327,15142,-3.20911897,6.726898582,-0.249463165,0.430596733
2057337,15152,-3.205087954,6.717749574,-0.153638459,0.484304073
2057347,15162,-3.202536329,6.708694156,-0.101523986,0.421237782
2057358,15173,-3.2013064,6.70162493,-0.021468991,0.285684816
2057368,15183,-3.201076584,6.6984409,-0.001512609,0.032718184
2057378,15193,-3.202027236,6.697741524,0.096577829,0.037219341
2057388,15203,-3.206361624,6.697614442,0.336860942,-0.024511135
2057388,15203,-3.206361624,6.697614442,0.336860942,-0.024511135
2057408,15223,-3.212697395,6.699927455,0.296716215,-0.206790085
2057418,15233,-3.217048361,6.704989807,0.138380412,-0.29944515
2057429,15244,-3.219014818,6.71164239,0.058265253,-0.365813119
2057439,15254,-3.221658195,6.719053146,0.206072462,-0.375262537
2057449,15264,-3.226372696,6.726945072,0.265377653,-0.413930084
2057459,15274,-3.23113812,6.735982741,0.211164738,-0.489836753
2057479,15294,-3.239266139,6.752316916,0.20416375,-0.342831342
2057479,15294,-3.239266139,6.752316916,0.20416375,-0.342831342
2057499,15314,-3.244842737,6.766805843,0.12295123,-0.36303078
2057510,15325,-3.247939952,6.773710302,0.186770354,-0.327415076
2057520,15335,-3.250743191,6.77956598,0.093553517,-0.258152738
2057530,15345,-3.251653722,6.785260861,-0.002500424,-0.311335339
2057540,15355,-3.251632591,6.792141737,0.000387328,-0.376752259
2057550,15365,-3.251981302,6.799989235,0.034483751,-0.407997527
2057560,15375,-3.252904794,6.807893124,0.057865427,-0.382391433
2057570,15385,-3.254039937,6.815050537,0.055648885,-0.333349872
2057581,15396,-3.255736227,6.823820673,0.113980161,-0.543663746
2057591,15406,-3.258151106,6.835923665,0.127507699,-0.666635392
2057601,15416,-3.260976105,6.848091759,0.154992269,-0.550173989
2057611,15426,-3.263500977,6.858705943,0.097494915,-0.51124442
2057621,15436,-3.264992232,6.867889894,0.051630512,-0.407150674
2057621,15436,-3.264992232,6.867889894,0.051630512,-0.407150674
2057641,15456,-3.267424482,6.876214207,0.191594578,-0.425280683
2057652,15467,-3.270121171,6.883078015,0.078074322,-0.261100063
2057662,15477,-3.271844923,6.888430331,0.094300785,-0.274131557
2057672,15487,-3.273739339,6.894080783,0.095140883,-0.290913695
2057682,15497,-3.275020567,6.898858866,0.032981916,-0.186894581
2057692,15507,-3.27496749,6.901318222,-0.038289646,-0.059041019
2057702,15517,-3.274818807,6.901652417,0.023421372,0.025621528
2057712,15527,-3.275606922,6.900961854,0.055390146,0.043434789
2057722,15537,-3.276309713,6.900193231,0.014888884,0.033427506
2057733,15548,-3.276209732,6.899788127,-0.024886996,0.007082904
2057743,15558,-3.275839016,6.898820871,-0.012184535,0.089642721
2057763,15578,-3.275905283,6.892920245,-0.05061546,0.218888745
2057773,15588,-3.274601467,6.887490324,-0.079766168,0.324103327
2057773,15588,-3.274601467,6.887490324,-0.079766168,0.324103327
2057793,15608,-3.271953457,6.873764497,-0.021339531,0.302097981
2057804,15619,-3.271740498,6.86885987,4.35E-05,0.188364798
2057814,15629,-3.27164275,6.864687226,-0.009818282,0.22889954
2057824,15639,-3.271142584,6.858726555,-0.040198384,0.367167619
2057834,15649,-3.270717841,6.850633457,-0.002275855,0.442142168
2057844,15659,-3.270959283,6.841288881,0.026420043,0.49231546
2057854,15669,-3.271690043,6.832248805,0.046655993,0.411692053
2057854,15669,-3.271690043,6.832248805,0.046655993,0.411692053
2057874,15689,-3.272839658,6.825152204,0.068305512,0.297968044
2057885,15700,-3.272918862,6.821620892,-0.060385205,0.055163239
2057895,15710,-3.271875458,6.822236444,-0.043955124,-0.116718459
2057905,15720,-3.271864574,6.825677773,0.042866745,-0.227414421
2057925,15740,-3.271705523,6.831335603,-0.023445436,-0.025597463
2057935,15750,-3.271328746,6.830205592,-0.014232313,0.138598626
2057945,15760,-3.271008919,6.826616061,-0.017750362,0.220354382
2057956,15771,-3.271124074,6.82169718,0.029265862,0.271533737
2057966,15781,-3.271824436,6.815111495,0.040770299,0.387034788
2057976,15791,-3.272783271,6.806877023,0.05511324,0.436412421
2057986,15801,-3.273340454,6.79686208,0.000605072,0.565081911
2057996,15811,-3.273802896,6.784558349,0.04563911,0.665291143
2057996,15811,-3.273802896,6.784558349,0.04563911,0.665291143
2058016,15831,-3.275154729,6.764110874,0.052414955,0.313338429
2058027,15842,-3.276486458,6.758732715,0.080757888,0.224477417
2058037,15852,-3.277336012,6.753538811,0.004197543,0.294912993
2058047,15862,-3.278064335,6.749331809,0.068634791,0.125787255
2058057,15872,-3.279881989,6.747700471,0.113130609,0.037346538
2058067,15882,-3.281654069,6.746973674,0.064077333,0.035333164
2058077,15892,-3.28189015,6.74672014,-0.040469159,-0.009979779
2058087,15902,-3.281792038,6.748198659,0.030657914,-0.137872113
2058087,15902,-3.281792038,6.748198659,0.030657914,-0.137872113
2058108,15923,-3.281971054,6.750402004,-0.012756345,-0.082462406
2058118,15933,-3.283058219,6.756304854,0.121472861,-0.50782258
2058128,15943,-3.286383414,6.766614188,0.211046623,-0.523110859
2058138,15953,-3.289935473,6.776779143,0.144159274,-0.493384639
2058158,15973,-3.293191641,6.793428234,0.082232794,-0.389595968
2058168,15983,-3.293514875,6.799064922,-0.04990944,-0.174072867
2058179,15994,-3.292133929,6.801252501,-0.088185139,-0.044684983
2058189,16004,-3.290874269,6.802452286,-0.037780872,-0.075293551
2058199,16014,-3.290469096,6.802550629,-0.002736448,0.065459296
2058209,16024,-3.290186272,6.801660963,-0.025545899,0.023507313
2058219,16034,-3.289917315,6.801098868,-0.001349889,0.032702141
2058229,16044,-3.290000062,6.799130011,0.009624584,0.164183573
2058239,16054,-3.290147942,6.796749082,0.0051635,0.073909284
2058249,16064,-3.290041131,6.79413308,-0.015844658,0.187690996
2058260,16075,-3.289801872,6.788247369,-0.008081191,0.400880068
2058270,16085,-3.289333619,6.780729271,-0.03874412,0.350929676
2058290,16105,-3.288323958,6.76987527,0.02682139,0.148455823
2058290,16105,-3.288323958,6.76987527,0.02682139,0.148455823
2058300,16115,-3.288010673,6.766121048,-0.058149943,0.226966365
2058320,16135,-3.287296911,6.757146134,-0.008621918,0.196185716
2058320,16135,-3.287296911,6.757146134,-0.008621918,0.196185716
2058341,16156,-3.287473336,6.753698481,0.026264473,0.148579582
2058351,16166,-3.286672613,6.750603268,-0.106336839,0.160941764
2058361,16176,-3.284159885,6.747664105,-0.144935932,0.132974456
2058371,16186,-3.281588166,6.744990201,-0.112235927,0.134416022
2058371,16186,-3.281588166,6.744990201,-0.112235927,0.134416022
2058381,16196,-3.279329901,6.741974583,-0.113590573,0.167145777
2058402,16217,-3.275970974,6.732289578,-0.072057648,0.349111074
2058412,16227,-3.274558142,6.725961844,-0.069225609,0.28366225
2058412,16227,-3.274558142,6.725961844,-0.069225609,0.28366225
2058432,16247,-3.273783654,6.721161489,0.03134309,0.034056613
2058442,16257,-3.274836052,6.720872283,0.073896678,-0.005135994
2058452,16267,-3.276000612,6.72131566,0.042559318,-0.039201775
2058462,16277,-3.277015195,6.722093072,0.058898938,-0.038539436
2058472,16287,-3.278715472,6.721614309,0.111128792,0.086415819
2058483,16298,-3.28117365,6.719630957,0.134688995,0.111919355
2058493,16308,-3.28339767,6.717902675,0.087713044,0.060908863
2058503,16318,-3.285210098,6.718156908,0.093529774,-0.086332167
2058513,16328,-3.28700857,6.720132341,0.086317428,-0.111211178
2058523,16338,-3.28827081,6.720983001,0.039906518,0.026145211
2058533,16348,-3.288095653,6.718615374,-0.05742222,0.210617468
2058543,16358,-3.287389419,6.713571563,-0.013201118,0.293763624
2058554,16369,-3.28830641,6.708457392,0.104900202,0.217653439
2058554,16369,-3.28830641,6.708457392,0.104900202,0.217653439
2058584,16399,-3.290635015,6.701792163,0.045926058,0.084816119
2058584,16399,-3.290635015,6.701792163,0.045926058,0.084816119
2058604,16419,-3.29322693,6.702898097,0.076782153,-0.070367256
2058614,16429,-3.293895309,6.70319662,-0.009944258,0.040514995
2058624,16439,-3.293149658,6.701099512,-0.064620761,0.169195829
2058635,16450,-3.292668051,6.697516789,0.01646002,0.189076416
2058645,16460,-3.294079229,6.694097349,0.124657808,0.152867613
2058655,16470,-3.296310629,6.688760424,0.098482166,0.380824932
2058665,16480,-3.298189562,6.680901363,0.089411143,0.405081098
2058675,16490,-3.301647423,6.673549266,0.256374946,0.330128649
2058685,16500,-3.305927733,6.668211122,0.171656024,0.203685779
2058695,16510,-3.308192797,6.665578273,0.054850433,0.059599081
2058706,16521,-3.310286738,6.666719653,0.154543634,-0.173737113
2058716,16531,-3.314271284,6.671963135,0.243911003,-0.350611106
2058726,16541,-3.318178851,6.679340087,0.146845645,-0.387084064
2058736,16551,-3.320128914,6.689004856,0.048160669,-0.579392818
2058746,16561,-3.321732787,6.702286845,0.11222669,-0.748806108
2058756,16571,-3.325055626,6.71762896,0.220057207,-0.785405349
2058766,16581,-3.32959246,6.732677352,0.233626169,-0.71943388
2058777,16592,-3.33364588,6.746900467,0.171715825,-0.702877562
2058787,16602,-3.337089497,6.761138215,0.172645835,-0.72089733
2058787,16602,-3.337089497,6.761138215,0.172645835,-0.72089733
2058807,16622,-3.340013087,6.774770535,0.119713222,-0.642334667
2058817,16632,-3.340714756,6.788493081,-0.049546389,-0.729919846
2058827,16642,-3.338566714,6.802745774,-0.165257766,-0.695349482
2058837,16652,-3.335813655,6.816219417,-0.110048179,-0.652014833
2058847,16662,-3.33368259,6.829010622,-0.103058294,-0.62710566
2058858,16673,-3.331733565,6.840400529,-0.091844183,-0.511885012
2058868,16683,-3.3291114,6.849612475,-0.170372344,-0.409309633
2058878,16693,-3.326728322,6.856847963,-0.067935477,-0.314239132
2058888,16703,-3.326747881,6.862825854,0.069891394,-0.283549949
2058908,16723,-3.32949643,6.86942028,0.093882716,-0.08596662
2058918,16733,-3.331509297,6.87236232,0.107403985,-0.208237385
2058929,16744,-3.333308761,6.87793451,0.072542379,-0.348981583
2058939,16754,-3.33445972,6.885582695,0.042553532,-0.415836938
2058949,16764,-3.334322068,6.891896296,-0.056318712,-0.215523167
2058959,16774,-3.332905069,6.895152719,-0.085381209,-0.110119118
2058969,16784,-3.329854566,6.896592735,-0.219669126,-0.033882434
2058979,16794,-3.325903061,6.896104987,-0.175481367,0.082657212
2058989,16804,-3.322748189,6.895091608,-0.140005814,0.018680716
2059010,16825,-3.314561643,6.893239865,-0.184038004,0.088951733
2059010,16825,-3.314561643,6.893239865,-0.184038004,0.088951733
2059020,16835,-3.312799047,6.892264542,0.007778475,0.008580616
2059040,16855,-3.313048284,6.89233419,0.01714519,-0.015545491
2059050,16865,-3.315169987,6.893470068,0.195025128,-0.098042294
2059060,16875,-3.318614904,6.894869759,0.149466553,-0.041926763
2059070,16885,-3.321198719,6.894089985,0.108914989,0.119904111
2059081,16896,-3.322606527,6.890991528,0.031865794,0.189941587
2059101,16916,-3.323028075,6.880891685,-0.017790715,0.375919161
2059111,16926,-3.322245418,6.872983326,-0.060474969,0.414916743
2059121,16936,-3.320320592,6.865127943,-0.132007711,0.37062148
2059131,16946,-3.317492933,6.858952788,-0.150758192,0.246894008
2059141,16956,-3.314797573,6.853835788,-0.118777767,0.264805993
2059152,16967,-3.312749352,6.848524393,-0.086044306,0.266333515
2059162,16977,-3.311084555,6.842622317,-0.080435393,0.32387414
2059172,16987,-3.309862673,6.83743469,-0.04175282,0.194888532
2059182,16997,-3.309644869,6.832691925,0.019972396,0.279387933
2059192,17007,-3.310022281,6.826614269,0.017768854,0.328377661
2059202,17017,-3.310207762,6.819889815,0.000779236,0.344067808
2059212,17027,-3.310967248,6.811337311,0.075169288,0.511182538
2059222,17037,-3.312750478,6.801837927,0.103153756,0.438755887
2059233,17048,-3.314773159,6.793966007,0.099114375,0.348436118
2059243,17058,-3.316538714,6.789623928,0.077441083,0.085771814
2059253,17068,-3.318127335,6.790281089,0.081421046,-0.151487926
2059263,17078,-3.319796956,6.794128486,0.085541032,-0.233251763
2059283,17098,-3.320753029,6.804975704,-0.024490608,-0.16505791
2059293,17108,-3.31885681,6.809657542,-0.165131211,-0.303125882
2059304,17119,-3.316415933,6.814939831,-0.078956497,-0.225103092
2059314,17129,-3.315069358,6.819184576,-0.055701004,-0.19937138
2059334,17149,-3.3137746,6.829575432,0.014314963,-0.294217413
2059344,17159,-3.316434841,6.837145781,0.251709181,-0.462817422
2059354,17169,-3.321337945,6.848784807,0.238601235,-0.701085215
2059364,17179,-3.326778871,6.863103281,0.305491303,-0.730762162
2059374,17189,-3.333416614,6.876792409,0.358283043,-0.638150668
2059385,17200,-3.341345141,6.890093054,0.434569624,-0.691913775
2059395,17210,-3.350172409,6.904997763,0.448157173,-0.798557132
2059405,17220,-3.358662183,6.919755452,0.400820245,-0.677211775
2059415,17230,-3.365197841,6.929764982,0.252745586,-0.323741212
2059425,17240,-3.369724776,6.93372722,0.199947914,-0.072482618
2059435,17250,-3.372448383,6.934172454,0.072412725,0.027959196
2059445,17260,-3.374294087,6.933349332,0.112157751,0.054353076
2059456,17271,-3.376761144,6.933562713,0.134547911,-0.075691184
2059466,17281,-3.379490896,6.935895856,0.138427242,-0.15762318
2059476,17291,-3.382110494,6.939205701,0.123532641,-0.173361251
2059476,17291,-3.382110494,6.939205701,0.123532641,-0.173361251
2059506,17321,-3.38858635,6.946761502,0.216162674,-0.336158559
2059516,17331,-3.392808642,6.955095026,0.206066572,-0.497193804
2059527,17342,-3.396456654,6.965392408,0.158734559,-0.532544436
2059537,17352,-3.399103999,6.976970333,0.106000004,-0.62524802
2059547,17362,-3.400615203,6.987218504,0.045120359,-0.399569108
2059557,17372,-3.400064474,6.994050806,-0.100193236,-0.283661104
2059567,17382,-3.39869971,6.997806774,-0.036283173,-0.091935701
