1.65662E+12,0,60,1656616739,1.000049999,-0.08084596,0.01801713,0,0.0166675
1.65662E+12,110.8498535,60,1656616739,1.000049999,-0.08084596,0.01805043,0.00184759,
1.65662E+12,222.7800293,60,1656616739,1.000049999,-0.08084596,0.01808492,0.003713186,
1.65662E+12,340.8798828,60,1656616739,1.000049999,-0.08084596,0.0181204,0.005681615,
1.65662E+12,448.0700684,60,1656616739,1.000049999,-0.08084596,0.01815334,0.007468208,
1.65662E+12,558.4499512,60,1656616739,1.000049999,-0.08084596,0.01818705,0.009307965,
1.65662E+12,673.1499023,60,1656616739,1.000049999,-0.09377531,0.01843948,0.011219726,
1.65662E+12,785.6999512,60,1656616739,1.000049999,-0.09874506,0.01855859,0.013095654,
1.65662E+12,890.2199707,60,1656616739,1.000049999,-0.09874506,0.01859203,0.014837741,
1.65662E+12,998,60,1656616739,1.000049999,-0.10272486,0.01869345,0.016634165,
1.65662E+12,1104.949951,60,1656616739,1.000049999,-0.10770461,0.01881134,0.018416753,
1.65662E+12,1209.969971,60,1656616739,1.000049999,-0.10770461,0.01884556,0.020167174,
1.65662E+12,1322.02002,60,1656616739,1.000049999,-0.10671466,0.01886469,0.022034769,
1.65662E+12,1429.800049,60,1656616739,1.000049999,-0.10175491,0.01881473,0.023831192,
1.65662E+12,1542.709961,60,1656616739,1.000049999,-0.10175491,0.01885101,0.025713118,
1.65662E+12,1665.709961,60,1656616739,1.000049999,-0.09678516,0.01880556,0.027763221,
1.65662E+12,1779.089844,60,1656616739,1.000049999,-0.08273586,0.01860084,0.02965298,
1.65662E+12,1887.800049,60,1656616739,1.000049999,-0.07971601,0.01858369,0.031464907,
1.65662E+12,1998.109863,60,1656616739,1.000049999,-0.07971601,0.018619,0.033303496,
1.65662E+12,2117.869873,60,1656616739,1.000049999,-0.08344583,0.01872193,0.035299596,
1.65662E+12,2228.790039,60,1656616739,1.000049999,-0.08210589,0.01873409,0.037148358,
1.65662E+12,2340.369873,60,1656616739,1.000049999,-0.08210589,0.01877103,0.039008115,
1.65662E+12,2465.679932,60,1656616739,1.000049999,-0.08060597,0.01878586,0.04109672,
1.65662E+12,2582.030029,60,1656616739,1.000049999,-0.08164592,0.01884144,0.043035985,
1.65662E+12,2687.329834,60,1656616739,1.000049999,-0.08264587,0.01889414,0.04479107,
1.65662E+12,2796.579834,60,1656616739,1.000049999,-0.08264587,0.01893013,0.046611994,
1.65662E+12,2902.719971,60,1656616739,1.000049999,-0.08373581,0.01898451,0.048381085,
1.65662E+12,3016.469971,60,1656616739,1.000049999,-0.0840858,0.01902852,0.050277013,
1.65662E+12,3122.599854,60,1656616739,1.000049999,-0.0840858,0.01906407,0.052045933,
1.65662E+12,3230.149902,60,1656616739,1.000049999,-0.08094595,0.01904485,0.053838523,
1.65662E+12,3338.320068,60,1656616739,1.000049999,-0.07904605,0.01904769,0.05564145,
1.65662E+12,3443.869873,60,1656616739,1.000049999,-0.07904605,0.01908327,0.057400701,
1.65662E+12,3550.790039,60,1656616739,1.000049999,-0.07384631,0.01902727,0.059182793,
1.65662E+12,3656.52002,60,1656616739,1.000049999,-0.06688666,0.01893945,0.060945047,
1.65662E+12,3762.72998,60,1656616739,1.000049999,-0.06688666,0.01897522,0.062715302,
1.65662E+12,3868.98999,60,1656616739,1.000049999,-0.05446728,0.01878986,0.064486391,
1.65662E+12,3978.939941,60,1656616739,1.000049999,-0.05277736,0.01879657,0.066318981,
1.65662E+12,4087.329834,60,1656616739,1.000049999,-0.05277736,0.01883288,0.06812557,
1.65662E+12,4192.619873,60,1656616739,1.000049999,-0.04675766,0.01876068,0.069880492,
1.65662E+12,4299.609863,60,1656616739,1.000049999,-0.03954802,0.01866637,0.071663747,
1.65662E+12,4419.22998,60,1656616739,1.000049999,-0.03954802,0.01870743,0.073657516,
1.65662E+12,4528.320068,60,1656616739,1.000049999,-0.03468827,0.01865657,0.075475775,
1.65662E+12,4647.099854,60,1656616739,1.000049999,-0.02759862,0.01856845,0.077455537,
1.65662E+12,4770.570068,60,1656616739,1.000049999,-0.01842908,0.01844284,0.079513477,
1.65662E+12,4886.079834,60,1656616739,1.000049999,-0.01842908,0.01848267,0.081438736,
1.65662E+12,4993.339844,60,1656616739,1.000049999,-0.00917954,0.01835054,0.083226492,
1.65662E+12,5100.320068,60,1656616739,1.000049999,-0.00830958,0.01837046,0.085009585,
1.65662E+12,5206.929932,60,1656616739,1.000049999,-0.00830958,0.01840621,0.086786505,
1.65662E+12,5325.589844,60,1656616739,1.000049999,-0.00217989,0.01833393,0.088764269,
1.65662E+12,5430.649902,60,1656616739,1.000049999,-0.00329984,0.01838987,0.090515357,
1.65662E+12,5536.27002,60,1656616739,1.000049999,-0.00329984,0.01842554,0.09227578,
1.65662E+12,5640.949951,60,1656616739,1.000049999,-0.00859957,0.01855853,0.094020533,
1.65662E+12,5746.040039,60,1656616739,1.000049999,-0.0159892,0.0187307,0.095772122,
1.65662E+12,5864.969971,60,1656616739,1.000049999,-0.0159892,0.01877064,0.097754387,
1.65662E+12,5979.629883,60,1656616739,1.000049999,-0.02338883,0.0189482,0.099665481,
1.65662E+12,6089.459961,60,1656616739,1.000049999,-0.02967852,0.019104,0.101496074,
1.65662E+12,6196.349854,60,1656616739,1.000049999,-0.03175841,0.01918054,0.103277661,
1.65662E+12,6303.320068,60,1656616739,1.000049999,-0.03179841,0.01921934,0.105060587,
1.65662E+12,6422.23999,60,1656616739,1.000049999,-0.02978851,0.01922444,0.107042685,
1.65662E+12,6530.449951,60,1656616739,1.000049999,-0.02564872,0.01918622,0.108846274,
1.65662E+12,6639.25,60,1656616739,1.000049999,-0.02564872,0.01922537,0.110659699,
1.65662E+12,6753.349854,60,1656616739,1.000049999,-0.01832908,0.01912906,0.112561459,
1.65662E+12,6859.23999,60,1656616739,1.000049999,-0.0099295,0.01900909,0.114326382,
1.65662E+12,6966.339844,60,1656616739,1.000049999,-0.0099295,0.01904737,0.116111469,
1.65662E+12,7077.439941,60,1656616739,1.000049999,-0.00253987,0.01894775,0.11796323,
1.65662E+12,7187.609863,60,1656616739,1.000049999,0.00175991,0.01890592,0.119799487,
1.65662E+12,7297.699951,60,1656616739,1.000049999,0.00175991,0.01894487,0.121634414,
1.65662E+12,7404.72998,60,1656616739,1.000049999,0.00486976,0.01892483,0.123418337,
1.65662E+12,7510.859863,60,1656616739,1.000049999,0.00470976,0.0189661,0.125187257,
1.65662E+12,7617.050049,60,1656616739,1.000049999,0.00470976,0.01900462,0.126957182,
1.65662E+12,7722.5,60,1656616739,1.000049999,0.00668967,0.01900509,0.128714769,
1.65662E+12,7829.169922,60,1656616739,1.000049999,0.01167942,0.0189483,0.13049269,
1.65662E+12,7939.070068,60,1656616739,1.000049999,0.01167942,0.01898831,0.13232445,
1.65662E+12,8043.939941,60,1656616739,1.000049999,0.01867907,0.01889188,0.134072369,
1.65662E+12,8155.869873,60,1656616739,1.000049999,0.02568872,0.01879744,0.135937961,
1.65662E+12,8266.859863,60,1656616739,1.000049999,0.02568872,0.01883705,0.137787887,
1.65662E+12,8381.820068,60,1656616739,1.000049999,0.03468827,0.01870536,0.139703986,
1.65662E+12,8498.629883,60,1656616739,1.000049999,0.03468827,0.01874782,0.141650913,
1.65662E+12,8606.469971,60,1656616739,1.000049999,0.05468727,0.01839794,0.143448338,
1.65662E+12,8730.359863,60,1656616739,1.000049999,0.05468727,0.01844244,0.145513273,
1.65662E+12,8838.810059,60,1656616739,1.000049999,0.06268687,0.01832513,0.147320866,
1.65662E+12,8945.399902,60,1656616739,1.000049999,0.07167642,0.01818728,0.149097453,
1.65662E+12,9061.040039,60,1656616739,1.000049999,0.07167642,0.0182284,0.151024885,
1.65662E+12,9176.719971,60,1656616739,1.000049999,0.07865607,0.01813075,0.15295298,
1.65662E+12,9282.639893,60,1656616739,1.000049999,0.08463577,0.01805267,0.1547184,
1.65662E+12,9387.639893,60,1656616739,1.000049999,0.08463577,0.01809008,0.156468488,
1.65662E+12,9496.909912,60,1656616739,1.000049999,0.09060547,0.01801028,0.158289746,
1.65662E+12,9602.609863,60,1656616739,1.000049999,0.09558522,0.01795002,0.1600515,
1.65662E+12,9709.280029,60,1656616739,1.000049999,0.09558522,0.0179881,0.161829425,
1.65662E+12,9814.070068,60,1656616739,1.000049999,0.10058497,0.01792601,0.163576013,
1.65662E+12,9920.689941,60,1656616739,1.000049999,0.10459477,0.01788408,0.165353099,
1.65662E+12,10025.72998,60,1656616739,1.000049999,0.10459477,0.0179217,0.167103854,
1.65662E+12,10136.58984,60,1656616739,1.000049999,0.10861457,0.01788015,0.168951611,
1.65662E+12,10243.21997,60,1656616739,1.000049999,0.11263437,0.01783844,0.170728869,
1.65662E+12,10348.84985,60,1656616739,1.000049999,0.11263437,0.01787636,0.172489455,
1.65662E+12,10456.56006,60,1656616739,1.000049999,0.11564422,0.01785448,0.174284715,
1.65662E+12,10572.66992,60,1656616739,1.000049999,0.11964402,0.01781432,0.176219976,
1.65662E+12,10693.80005,60,1656616739,1.000049999,0.11964402,0.01785923,0.178238912,
1.65662E+12,10803.27002,60,1656616739,1.000049999,0.12263387,0.01783825,0.180063503,
1.65662E+12,10914.26001,60,1656616739,1.000049999,0.12462377,0.01783803,0.181913428,
1.65662E+12,11022.63989,60,1656616739,1.000049999,0.12461377,0.01787769,0.18371985,
1.65662E+12,11141.57007,60,1656616739,1.000049999,0.12461377,0.01792083,0.185702119,
1.65662E+12,11255.84985,60,1656616739,1.000049999,0.12260387,0.01800437,0.187606877,
1.65662E+12,11361.36987,60,1656616739,1.000049999,0.11960402,0.01810512,0.189365632,
1.65662E+12,11469.69995,60,1656616739,1.000049999,0.11960402,0.01814557,0.191171224,
1.65662E+12,11578.83984,60,1656616739,1.000049999,0.11559422,0.01826939,0.192990313,
1.65662E+12,11694.19995,60,1656616739,1.000049999,0.11257437,0.01837558,0.194913077,
1.65662E+12,11801.17993,60,1656616739,1.000049999,0.11257437,0.01841624,0.196696166,
1.65662E+12,11907.13989,60,1656616739,1.000049999,0.11156442,0.01847798,0.198462254,
1.65662E+12,12016,60,1656616739,1.000049999,0.11156442,0.01851988,0.20027668,
1.65662E+12,12129.10986,60,1656616739,1.000049999,0.11156442,0.01856367,0.202161938,
1.65662E+12,12237.63989,60,1656616739,1.000049999,0.11256437,0.01858495,0.203970863,
1.65662E+12,12343.12988,60,1656616739,1.000049999,0.11358432,0.01860466,0.205729117,
1.65662E+12,12451.68994,60,1656616739,1.000049999,0.11459427,0.01862592,0.207538542,
1.65662E+12,12563.21997,60,1656616739,1.000049999,0.11659417,0.01862726,0.209397469,
1.65662E+12,12670.58984,60,1656616739,1.000049999,0.11861407,0.01862714,0.211187056,
1.65662E+12,12775.53003,60,1656616739,1.000049999,0.12163392,0.01860458,0.212936146,
1.65662E+12,12889.52002,60,1656616739,1.000049999,0.12163392,0.01864958,0.214836075,
1.65662E+12,12998.54004,60,1656616739,1.000049999,0.12463377,0.018629,0.216653166,
1.65662E+12,13109.86987,60,1656616739,1.000049999,0.12763362,0.0186081,0.218508756,
1.65662E+12,13219.58984,60,1656616739,1.000049999,0.12763362,0.01865293,0.220337513,
1.65662E+12,13333.02002,60,1656616739,1.000049999,0.13161342,0.01861254,0.222228111,
1.65662E+12,13440.06006,60,1656616739,1.000049999,0.13658317,0.01854903,0.224012201,
1.65662E+12,13545.76001,60,1656616739,1.000049999,0.13658317,0.01859126,0.225773955,
1.65662E+12,13660.36987,60,1656616739,1.000049999,0.14256287,0.01850805,0.227684215,
1.65662E+12,13768.82007,60,1656616739,1.000049999,0.14854257,0.01842198,0.229491808,
1.65662E+12,13878.03003,60,1656616739,1.000049999,0.14854257,0.01846562,0.231312065,
1.65662E+12,13993.11987,60,1656616739,1.000049999,0.15454227,0.01838071,0.233230325,
1.65662E+12,14098.23999,60,1656616739,1.000049999,0.16055197,0.01829274,0.234982415,
1.65662E+12,14207.6499,60,1656616739,1.000049999,0.16055197,0.01833602,0.236806004,
1.65662E+12,14317.96997,60,1656616739,1.000049999,0.16656167,0.01824693,0.238644764,
1.65662E+12,14425.98999,60,1656616739,1.000049999,0.17357132,0.01813862,0.240445188,
1.65662E+12,14541.8999,60,1656616739,1.000049999,0.17858107,0.01807459,0.242377116,
1.65662E+12,14648.12988,60,1656616739,1.000049999,0.18158092,0.01805079,0.244147705,
1.65662E+12,14753.84985,60,1656616739,1.000049999,0.19059047,0.0178938,0.245909792,
1.65662E+12,14861.61987,60,1656616739,1.000049999,0.19759012,0.01778138,0.247706049,
1.65662E+12,14973.33984,60,1656616739,1.000049999,0.19959002,0.01778007,0.249568142,
1.65662E+12,15085.21997,60,1656616739,1.000049999,0.20759962,0.01764708,0.251432904,
1.65662E+12,15192.5,60,1656616739,1.000049999,0.21359932,0.0175554,0.253220993,
1.65662E+12,15303.54004,60,1656616739,1.000049999,0.21359932,0.01759884,0.255071753,
1.65662E+12,15410.57983,60,1656616739,1.000049999,0.21858907,0.01752934,0.256855839,
1.65662E+12,15518.46997,60,1656616739,1.000049999,0.22257887,0.01748222,0.258654098,
1.65662E+12,15625.93994,60,1656616739,1.000049999,0.22257887,0.01752456,0.260445354,
1.65662E+12,15734.52002,60,1656616739,1.000049999,0.22656867,0.0174774,0.262255112,
1.65662E+12,15847.32007,60,1656616739,1.000049999,0.23256837,0.01738613,0.264135207,
1.65662E+12,15957.35986,60,1656616739,1.000049999,0.23256837,0.0174296,0.265969295,
1.65662E+12,16062.56006,60,1656616739,1.000049999,0.23756812,0.01735752,0.267722719,
1.65662E+12,16168.07983,60,1656616739,1.000049999,0.24056797,0.01733082,0.26948147,
1.65662E+12,16274.92993,60,1656616739,1.000049999,0.24056797,0.01737322,0.271262394,
1.65662E+12,16381.86987,60,1656616739,1.000049999,0.24156792,0.01739244,0.273044816,
1.65662E+12,16492.60986,60,1656616739,1.000049999,0.24056797,0.01746012,0.274890575,
1.65662E+12,16599.42993,60,1656616739,1.000049999,0.24056797,0.01750313,0.276670998,
1.65662E+12,16726.91992,60,1656616739,1.000049999,0.23755812,0.01762426,0.278795937,
1.65662E+12,16844.95996,60,1656616739,1.000049999,0.23654817,0.01769526,0.28076337,
1.65662E+12,16960.35986,60,1656616739,1.000049999,0.23554822,0.01776659,0.282686798,
1.65662E+12,17069.04004,60,1656616739,1.000049999,0.23554822,0.01781127,0.284498224,
1.65662E+12,17182.33984,60,1656616739,1.000049999,0.23655817,0.01783493,0.286386649,
1.65662E+12,17287,60,1656616739,1.000049999,0.23655817,0.01787881,0.288131072,
1.65662E+12,17402.57007,60,1656616739,1.000049999,0.23655817,0.0179258,0.290057336,
1.65662E+12,17509.60986,60,1656616739,1.000049999,0.23855807,0.01792551,0.291841422,
1.65662E+12,17621.08984,60,1656616739,1.000049999,0.23955802,0.01794826,0.293699515,
1.65662E+12,17728.48999,60,1656616739,1.000049999,0.23955802,0.01799461,0.295489607,
1.65662E+12,17835.95996,60,1656616739,1.000049999,0.24155792,0.01799304,0.297280862,
1.65662E+12,17942.67993,60,1656616739,1.000049999,0.24354782,0.01799141,0.299059617,
1.65662E+12,18060.85986,60,1656616739,1.000049999,0.24354782,0.01804078,0.301029381,
1.65662E+12,18167.32983,60,1656616739,1.000049999,0.24554772,0.01804021,0.30280397,
1.65662E+12,18280,60,1656616739,1.000049999,0.24753762,0.01804121,0.3046819,
1.65662E+12,18387.06006,60,1656616739,1.000049999,0.24854757,0.01806343,0.306466323,
1.65662E+12,18497.15991,60,1656616739,1.000049999,0.24854757,0.01811135,0.308301412,
1.65662E+12,18602.25,60,1656616739,1.000049999,0.24954752,0.01813309,0.310053001,
1.65662E+12,18712.10986,60,1656616739,1.000049999,0.25254737,0.01810869,0.311884091,
1.65662E+12,18833.09985,60,1656616739,1.000049999,0.25254737,0.0181609,0.313900691,
1.65662E+12,18952.68994,60,1656616739,1.000049999,0.25653717,0.01811701,0.315893959,
1.65662E+12,19064.25,60,1656616739,1.000049999,0.26253687,0.01802043,0.317753386,
1.65662E+12,19169.67993,60,1656616739,1.000049999,0.26253687,0.01806705,0.31951064,
1.65662E+12,19279.70996,60,1656616739,1.000049999,0.27052647,0.01791855,0.321344565,
1.65662E+12,19387.45996,60,1656616739,1.000049999,0.27752612,0.01779479,0.323140488,
1.65662E+12,19502.62988,60,1656616739,1.000049999,0.27752612,0.01784506,0.325060083,
1.65662E+12,19618.19995,60,1656616739,1.000049999,0.28451577,0.01772333,0.326986347,
1.65662E+12,19723.77002,60,1656616739,1.000049999,0.29051547,0.01762083,0.328745936,
1.65662E+12,19831.54004,60,1656616739,1.000049999,0.29751512,0.01749381,0.330542193,
1.65662E+12,19942.97998,60,1656616739,1.000049999,0.29751512,0.01754247,0.332399618,
1.65662E+12,20048.85986,60,1656616739,1.000049999,0.30351482,0.01743874,0.334164371,
1.65662E+12,20158.44995,60,1656616739,1.000049999,0.31051447,0.01731102,0.335990964,
1.65662E+12,20264.16992,60,1656616739,1.000049999,0.31051447,0.01735709,0.337753052,
1.65662E+12,20371.13989,60,1656616739,1.000049999,0.31865407,0.0171985,0.339535974,
1.65662E+12,20481.68994,60,1656616739,1.000049999,0.32439378,0.01710138,0.341378567,
1.65662E+12,20586.32007,60,1656616739,1.000049999,0.32439378,0.01714676,0.343122489,
1.65662E+12,20697.44995,60,1656616739,1.000049999,0.32921354,0.01707231,0.344974747,
1.65662E+12,20807.79004,60,1656616739,1.000049999,0.33511324,0.01696953,0.34681384,
1.65662E+12,20913.29004,60,1656616739,1.000049999,0.33511324,0.01701596,0.348572261,
1.65662E+12,21020.57983,60,1656616739,1.000049999,0.34109295,0.0169093,0.350360514,
1.65662E+12,21134.1499,60,1656616739,1.000049999,0.34617269,0.01682772,0.352253443,
1.65662E+12,21245.55005,60,1656616739,1.000049999,0.34617269,0.01687639,0.354110205,
1.65662E+12,21352.76001,60,1656616739,1.000049999,0.35034248,0.0168153,0.355897127,
1.65662E+12,21465.54004,60,1656616739,1.000049999,0.35460227,0.01675382,0.357776888,
1.65662E+12,21572.68994,60,1656616739,1.000049999,0.35460227,0.01680068,0.359562809,
1.65662E+12,21686.11987,60,1656616739,1.000049999,0.35547223,0.01682774,0.361453403,
1.65662E+12,21794,60,1656616739,1.000049999,0.35547223,0.01687502,0.363251495,
1.65662E+12,21901.80005,60,1656616739,1.000049999,0.35547223,0.01692304,0.365048252,
1.65662E+12,22021.15991,60,1656616739,1.000049999,0.35547223,0.0169762,0.367037682,
1.65662E+12,22129.44995,60,1656616739,1.000049999,0.35547223,0.01702347,0.368842607,
1.65662E+12,22242.53003,60,1656616739,1.000049999,0.35546223,0.01707604,0.370727369,
1.65662E+12,22357.57983,60,1656616739,1.000049999,0.35546223,0.0171269,0.372644961,
1.65662E+12,22467.87988,60,1656616739,1.000049999,0.35644218,0.01715251,0.374483387,
1.65662E+12,22586.17993,60,1656616739,1.000049999,0.35643218,0.01720667,0.376455154,
1.65662E+12,22704.03003,60,1656616739,1.000049999,0.35643218,0.01725945,0.37841942,
1.65662E+12,22821.72998,60,1656616739,1.000049999,0.35742213,0.01728773,0.380381184,
1.65662E+12,22929.25,60,1656616739,1.000049999,0.35742213,0.01733853,0.382173274,
1.65662E+12,23036.04004,60,1656616739,1.000049999,0.35742213,0.01738964,0.383953197,
1.65662E+12,23146.80005,60,1656616739,1.000049999,0.35742213,0.01744188,0.385799289,
1.65662E+12,23255.09985,60,1656616739,1.000049999,0.35644218,0.01752006,0.387604376,
1.65662E+12,23363.25,60,1656616739,1.000049999,0.35545223,0.01759883,0.389406969,
1.65662E+12,23477.70996,60,1656616739,1.000049999,0.35545223,0.01765384,0.39131473,
1.65662E+12,23587.94995,60,1656616739,1.000049999,0.35546223,0.01770715,0.393152155,
1.65662E+12,23699.11987,60,1656616739,1.000049999,0.35645218,0.01773408,0.39500508,
1.65662E+12,23804.86987,60,1656616739,1.000049999,0.35645218,0.01778592,0.396767668,
1.65662E+12,23916.84985,60,1656616739,1.000049999,0.35944203,0.01775619,0.398634094,
1.65662E+12,24031.47998,60,1656616739,1.000049999,0.36142193,0.01775981,0.400544692,
1.65662E+12,24140.51001,60,1656616739,1.000049999,0.36142193,0.01781379,0.40236195,
1.65662E+12,24245.31006,60,1656616739,1.000049999,0.36441178,0.01778246,0.404108705,
1.65662E+12,24349.77002,60,1656616739,1.000049999,0.36741163,0.01775034,0.405849791,
1.65662E+12,24458.44995,60,1656616739,1.000049999,0.36741163,0.01780468,0.407661214,
1.65662E+12,24568.57007,60,1656616739,1.000049999,0.37040148,0.0177756,0.409496641,
1.65662E+12,24675.79004,60,1656616739,1.000049999,0.37440128,0.01771634,0.41128373,
1.65662E+12,24786.42993,60,1656616739,1.000049999,0.37440128,0.01777202,0.41312782,
1.65662E+12,24891.95996,60,1656616739,1.000049999,0.37840108,0.01771148,0.414886742,
1.65662E+12,25000.47998,60,1656616739,1.000049999,0.38142093,0.01768011,0.4166955,
1.65662E+12,25105.10986,60,1656616739,1.000049999,0.38142093,0.01773311,0.418439418,
1.65662E+12,25213.29004,60,1656616739,1.000049999,0.38543073,0.01767298,0.420242511,
1.65662E+12,25324.38989,60,1656616739,1.000049999,0.38944053,0.01761393,0.422094268,
1.65662E+12,25459.57983,60,1656616739,1.000049999,0.39444028,0.01753813,0.424347546,
1.65662E+12,25575.32983,60,1656616739,1.000049999,0.39444028,0.01759707,0.426276809,
1.65662E+12,25682.85986,60,1656616739,1.000049999,0.40042998,0.01747743,0.428069066,
1.65662E+12,25790.98999,60,1656616739,1.000049999,0.40841958,0.01729932,0.429871325,
1.65662E+12,25900.33984,60,1656616739,1.000049999,0.40841958,0.01735475,0.431693914,
1.65662E+12,26007.71997,60,1656616739,1.000049999,0.41540923,0.0172039,0.433483672,
1.65662E+12,26116.68994,60,1656616739,1.000049999,0.42340883,0.01702242,0.435299929,
1.65662E+12,26223.09985,60,1656616739,1.000049999,0.42340883,0.01707682,0.437073516,
1.65662E+12,26334.96997,60,1656616739,1.000049999,0.43140843,0.01689464,0.438938111,
1.65662E+12,26442.20996,60,1656616739,1.000049999,0.43742813,0.01677011,0.440725534,
1.65662E+12,26548.04004,60,1656616739,1.000049999,0.43742813,0.0168235,0.442489457,
1.65662E+12,26659.08984,60,1656616739,1.000049999,0.44243788,0.01672924,0.444340379,
1.65662E+12,26765.5,60,1656616739,1.000049999,0.44744763,0.01663203,0.446113971,
1.65662E+12,26875.37988,60,1656616739,1.000049999,0.44744763,0.0166865,0.447945394,
1.65662E+12,26988.59985,60,1656616739,1.000049999,0.45044748,0.01665349,0.449832487,
1.65662E+12,27110.45996,60,1656616739,1.000049999,0.45442728,0.0165933,0.451863591,
1.65662E+12,27217.77002,60,1656616739,1.000049999,0.45740713,0.01655766,0.453652181,
1.65662E+12,27324.08984,60,1656616739,1.000049999,0.45740713,0.01661159,0.455424267,
1.65662E+12,27436,60,1656616739,1.000049999,0.46038698,0.01657618,0.457289529,
1.65662E+12,27544.61987,60,1656616739,1.000049999,0.46236688,0.01657102,0.459099951,
1.65662E+12,27662.96997,60,1656616739,1.000049999,0.46236688,0.01663227,0.461072551,
1.65662E+12,27770.26001,60,1656616739,1.000049999,0.46535673,0.01659474,0.462860808,
1.65662E+12,27888.59985,60,1656616739,1.000049999,0.46735663,0.01659376,0.464833237,
1.65662E+12,27994.47998,60,1656616739,1.000049999,0.46735663,0.0166479,0.466597994,
1.65662E+12,28099.42993,60,1656616739,1.000049999,0.46935653,0.01664077,0.468347248,
1.65662E+12,28207.57007,60,1656616739,1.000049999,0.47034648,0.01666626,0.470149674,
1.65662E+12,28312.36987,60,1656616739,1.000049999,0.47034648,0.01672135,0.471896424,
1.65662E+12,28427.79004,60,1656616739,1.000049999,0.47034648,0.01678251,0.47382019,
1.65662E+12,28547.96997,60,1656616739,1.000049999,0.46934653,0.01687847,0.475823289,
1.65662E+12,28659.29004,60,1656616739,1.000049999,0.46734663,0.01700228,0.477678716,
1.65662E+12,28764.48999,60,1656616739,1.000049999,0.46734663,0.01705952,0.479432136,
1.65662E+12,28873.33984,60,1656616739,1.000049999,0.46335683,0.01724743,0.481246391,
1.65662E+12,28980.19995,60,1656616739,1.000049999,0.46135693,0.01737139,0.483027482,
1.65662E+12,29089.32007,60,1656616739,1.000049999,0.46135693,0.01743271,0.484846242,
1.65662E+12,29198.29004,60,1656616739,1.000049999,0.45937703,0.01755872,0.486662499,
1.65662E+12,29305.03003,60,1656616739,1.000049999,0.46038698,0.01758682,0.488441587,
1.65662E+12,29415.79004,60,1656616739,1.000049999,0.46038698,0.01765058,0.49028768,
1.65662E+12,29532.52002,60,1656616739,1.000049999,0.46238688,0.01764715,0.492233277,
1.65662E+12,29647.53003,60,1656616739,1.000049999,0.46538673,0.01762055,0.494150206,
1.65662E+12,29755.72998,60,1656616739,1.000049999,0.46538673,0.01768355,0.495953629,
1.65662E+12,29863.53003,60,1656616739,1.000049999,0.46738663,0.01768048,0.497750386,
1.65662E+12,29969.41992,60,1656616739,1.000049999,0.47038648,0.01764297,0.499515306,
1.65662E+12,30078.92993,60,1656616739,1.000049999,0.47038648,0.01770757,0.501340564,
1.65662E+12,30186.86987,60,1656616739,1.000049999,0.47336633,0.01767171,0.503139653,
1.65662E+12,30295.23999,60,1656616739,1.000049999,0.47734613,0.01760217,0.504945912,
1.65662E+12,30404.78003,60,1656616739,1.000049999,0.47734613,0.01766702,0.506771671,
1.65662E+12,30524.18994,60,1656616739,1.000049999,0.48231588,0.01757027,0.508761935,
1.65662E+12,30668.59985,60,1656616739,1.000049999,0.48828559,0.01745323,0.511168887,
1.65662E+12,30779.67993,60,1656616739,1.000049999,0.49426529,0.01731355,0.513020315,
1.65662E+12,30892.07983,60,1656616739,1.000049999,0.49426529,0.01738179,0.51489374,
1.65662E+12,30998.90991,60,1656616739,1.000049999,0.50027499,0.01723857,0.51667433,
1.65662E+12,31104.8999,60,1656616739,1.000049999,0.50529474,0.017128,0.518440918,
1.65662E+12,31212.55005,60,1656616739,1.000049999,0.50529474,0.01719208,0.520235177,
1.65662E+12,31322.82007,60,1656616739,1.000049999,0.50931453,0.01711795,0.522073103,
1.65662E+12,31437.37988,60,1656616739,1.000049999,0.51333433,0.01704592,0.523982529,
1.65662E+12,31550.06006,60,1656616739,1.000049999,0.51733413,0.01697282,0.525860625,
1.65662E+12,31656.10986,60,1656616739,1.000049999,0.51733413,0.01703633,0.52762821,
1.65662E+12,31761.5,60,1656616739,1.000049999,0.52332383,0.01688767,0.529384801,
1.65662E+12,31868.47998,60,1656616739,1.000049999,0.53029349,0.01670414,0.531167889,
1.65662E+12,31976.23999,60,1656616739,1.000049999,0.53029349,0.01676842,0.532963979,
1.65662E+12,32082.03003,60,1656616739,1.000049999,0.53926304,0.01651058,0.534727235,
1.65662E+12,32191.55005,60,1656616739,1.000049999,0.55023249,0.01618096,0.53655266,
1.65662E+12,32305.10986,60,1656616739,1.000049999,0.55023249,0.01624732,0.538445418,
1.65662E+12,32417.54004,60,1656616739,1.000049999,0.56020199,0.01595211,0.540319348,
1.65662E+12,32542.37988,60,1656616739,1.000049999,0.57019149,0.01566029,0.542400116,
1.65662E+12,32649.91992,60,1656616739,1.000049999,0.57019149,0.01572219,0.54419254,
1.65662E+12,32770.16992,60,1656616739,1.000049999,0.57718114,0.01553501,0.546196806,
1.65662E+12,32875.55005,60,1656616739,1.000049999,0.58319084,0.01537376,0.54795323,
1.65662E+12,32980.25,60,1656616739,1.000049999,0.58619069,0.01532218,0.549698316,
1.65662E+12,33086.54004,60,1656616739,1.000049999,0.58619069,0.0153828,0.551469905,
1.65662E+12,33193.27002,60,1656616739,1.000049999,0.58820059,0.01536907,0.553248827,
1.65662E+12,33300.38989,60,1656616739,1.000049999,0.58820059,0.01543073,0.555034248,
1.65662E+12,33406.75,60,1656616739,1.000049999,0.58920054,0.01545489,0.556807005,
1.65662E+12,33517.78003,60,1656616739,1.000049999,0.58920054,0.01551818,0.558657598,
1.65662E+12,33630.83984,60,1656616739,1.000049999,0.58821059,0.01562372,0.560542022,
1.65662E+12,33739.71997,60,1656616739,1.000049999,0.58821059,0.01568859,0.562356782,
1.65662E+12,33849.70996,60,1656616739,1.000049999,0.58721064,0.01579281,0.56419004,
1.65662E+12,33988.19995,60,1656616739,1.000049999,0.58622069,0.01591503,0.566498322,
1.65662E+12,34106.71997,60,1656616739,1.000049999,0.58523074,0.01602583,0.568473754,
1.65662E+12,34212.22998,60,1656616739,1.000049999,0.58523074,0.01609177,0.570232342,
1.65662E+12,34320.5,60,1656616739,1.000049999,0.58525074,0.01615881,0.572036933,
1.65662E+12,34432.80005,60,1656616739,1.000049999,0.58524074,0.01622903,0.573908694,
1.65662E+12,34543.03003,60,1656616739,1.000049999,0.58524074,0.01630053,0.575745952,
1.65662E+12,34658.52002,60,1656616739,1.000049999,0.58723064,0.01629628,0.577670882,
1.65662E+12,34769.71997,60,1656616739,1.000049999,0.58822059,0.01632893,0.579524307,
1.65662E+12,34874.34985,60,1656616739,1.000049999,0.58822059,0.01639694,0.581268225,
1.65662E+12,34979.96997,60,1656616739,1.000049999,0.58821059,0.01646663,0.583028649,
1.65662E+12,35084.32007,60,1656616739,1.000049999,0.58820059,0.01653594,0.584767904,
1.65662E+12,35195.6499,60,1656616739,1.000049999,0.58820059,0.01661022,0.586623494,
1.65662E+12,35308.51001,60,1656616739,1.000049999,0.58721064,0.01672487,0.58850459,
1.65662E+12,35417.67993,60,1656616739,1.000049999,0.58621069,0.01684114,0.59032418,
1.65662E+12,35525.26001,60,1656616739,1.000049999,0.58621069,0.01691515,0.59211727,
1.65662E+12,35642.10986,60,1656616739,1.000049999,0.58522074,0.01703712,0.594064865,
1.65662E+12,35754.6499,60,1656616739,1.000049999,0.58424079,0.01715613,0.595940627,
1.65662E+12,35861.97998,60,1656616739,1.000049999,0.58424079,0.01723247,0.597729551,
1.65662E+12,35971.23999,60,1656616739,1.000049999,0.58326084,0.01735217,0.599550642,
1.65662E+12,36079.48999,60,1656616739,1.000049999,0.58329084,0.01742894,0.601354899,
1.65662E+12,36190.19995,60,1656616739,1.000049999,0.58432078,0.0174671,0.603200157,
1.65662E+12,36310.51001,60,1656616739,1.000049999,0.58432078,0.01755602,0.605205425,
1.65662E+12,36434.35986,60,1656616739,1.000049999,0.58733063,0.0175205,0.607269692,
1.65662E+12,36551.17993,60,1656616739,1.000049999,0.59233038,0.01739456,0.609216791,
1.65662E+12,36667.05005,60,1656616739,1.000049999,0.59233038,0.01748094,0.611148056,
1.65662E+12,36787.3999,60,1656616739,1.000049999,0.60041998,0.01722301,0.613153987,
1.65662E+12,36895.3999,60,1656616739,1.000049999,0.60517974,0.01709751,0.614954077,
1.65662E+12,37003.06006,60,1656616739,1.000049999,0.61099945,0.01692288,0.616748503,
1.65662E+12,37118.1499,60,1656616739,1.000049999,0.61099945,0.01700958,0.618666763,
1.65662E+12,37223.63989,60,1656616739,1.000049999,0.61588921,0.0168736,0.620425017,
1.65662E+12,37337.22998,60,1656616739,1.000049999,0.62186891,0.01669365,0.62231828,
1.65662E+12,37448.17993,60,1656616739,1.000049999,0.62186891,0.01677428,0.624167538,
1.65662E+12,37554.02002,60,1656616739,1.000049999,0.6279186,0.01658594,0.625931628,
1.65662E+12,37669.56006,60,1656616739,1.000049999,0.63504825,0.01635236,0.627857391,
1.65662E+12,37782.67993,60,1656616739,1.000049999,0.63504825,0.01643459,0.629742817,
1.65662E+12,37888.25,60,1656616739,1.000049999,0.64525774,0.01605219,0.631502406,
1.65662E+12,37996.25,60,1656616739,1.000049999,0.65314734,0.01577227,0.633302496,
1.65662E+12,38104.94995,60,1656616739,1.000049999,0.65314734,0.01585069,0.635114253,
1.65662E+12,38216.36987,60,1656616739,1.000049999,0.66314684,0.01547249,0.636971344,
1.65662E+12,38325.11987,60,1656616739,1.000049999,0.67214639,0.01513423,0.638783935,
1.65662E+12,38432.11987,60,1656616739,1.000049999,0.67214639,0.01520974,0.640567357,
1.65662E+12,38550.54004,60,1656616739,1.000049999,0.67914604,0.01496112,0.642541125,
1.65662E+12,38660.29004,60,1656616739,1.000049999,0.68414579,0.01481004,0.644370383,
1.65662E+12,38766.35986,60,1656616739,1.000049999,0.68713564,0.01474322,0.646138302,
1.65662E+12,38873.32983,60,1656616739,1.000049999,0.68713564,0.01481794,0.647921224,
1.65662E+12,38981.81006,60,1656616739,1.000049999,0.69013549,0.01475165,0.649729318,
1.65662E+12,39088.01001,60,1656616739,1.000049999,0.69212539,0.01473087,0.651499406,
1.65662E+12,39197.21997,60,1656616739,1.000049999,0.69212539,0.01480859,0.653319663,
1.65662E+12,39309.03003,60,1656616739,1.000049999,0.69511525,0.01474424,0.655183257,
1.65662E+12,39414.76001,60,1656616739,1.000049999,0.69709515,0.01472381,0.656945512,
1.65662E+12,39521.59985,60,1656616739,1.000049999,0.69709515,0.01480067,0.658726265,
1.65662E+12,39632.30005,60,1656616739,1.000049999,0.6980851,0.01483024,0.66057136,
1.65662E+12,39746.16992,60,1656616739,1.000049999,0.69907505,0.01486704,0.662469286,
1.65662E+12,39859.76001,60,1656616739,1.000049999,0.69907505,0.01495008,0.664362549,
1.65662E+12,39973.95996,60,1656616739,1.000049999,0.69907505,0.01503573,0.666265977,
1.65662E+12,40079.47998,60,1656616739,1.000049999,0.6980651,0.01516629,0.668024732,
1.65662E+12,40185.12988,60,1656616739,1.000049999,0.6980651,0.01524756,0.669785651,
1.65662E+12,40297.07007,60,1656616739,1.000049999,0.69706515,0.01538323,0.671651415,
1.65662E+12,40407.92993,60,1656616739,1.000049999,0.6960652,0.01552321,0.673499171,
1.65662E+12,40516.17993,60,1656616739,1.000049999,0.6960652,0.01560938,0.675303428,
1.65662E+12,40628.08984,60,1656616739,1.000049999,0.6960752,0.01569912,0.677168687,
1.65662E+12,40743.41992,60,1656616739,1.000049999,0.6960852,0.01579275,0.679090951,
1.65662E+12,40852.07983,60,1656616739,1.000049999,0.6960952,0.01588181,0.68090204,
1.65662E+12,40963.22998,60,1656616739,1.000049999,0.6960952,0.01597458,0.682754635,
1.65662E+12,41074.62988,60,1656616739,1.000049999,0.69710515,0.01601389,0.684611393,
1.65662E+12,41186.90991,60,1656616739,1.000049999,0.69710515,0.0161105,0.68648282,
1.65662E+12,41300.57007,60,1656616739,1.000049999,0.69710515,0.01620882,0.688377251,
1.65662E+12,41407.95996,60,1656616739,1.000049999,0.70109495,0.01608788,0.690167172,
1.65662E+12,41522.93994,60,1656616739,1.000049999,0.70309485,0.01607761,0.692083601,
1.65662E+12,41634.91992,60,1656616739,1.000049999,0.70309485,0.01617785,0.693950027,
1.65662E+12,41749.02002,60,1656616739,1.000049999,0.7021049,0.01633304,0.69585179,
1.65662E+12,41880.07007,60,1656616739,1.000049999,0.69712514,0.01672639,0.698036067,
1.65662E+12,41995.91992,60,1656616739,1.000049999,0.69114544,0.01716502,0.699966994,
1.65662E+12,42100.85986,60,1656616739,1.000049999,0.69114544,0.01726708,0.701716081,
1.65662E+12,42206.20996,60,1656616739,1.000049999,0.68415579,0.01776238,0.703472004,
1.65662E+12,42311.97998,60,1656616739,1.000049999,0.67816609,0.01820748,0.705234925,
1.65662E+12,42423.19995,60,1656616739,1.000049999,0.67816609,0.01832278,0.707088684,
1.65662E+12,42531.08984,60,1656616739,1.000049999,0.67815609,0.01843618,0.708886939,
1.65662E+12,42637.18994,60,1656616739,1.000049999,0.68413579,0.01820446,0.710655362,
1.65662E+12,42742.66992,60,1656616739,1.000049999,0.68413579,0.01831602,0.71241345,
1.65662E+12,42861.15991,60,1656616739,1.000049999,0.6921054,0.01797748,0.714388382,
1.65662E+12,42969.44995,60,1656616739,1.000049999,0.70107495,0.01756485,0.716193306,
1.65662E+12,43076.41992,60,1656616739,1.000049999,0.70107495,0.01767603,0.717976228,
1.65662E+12,43187.91992,60,1656616739,1.000049999,0.71105445,0.01719696,0.719834654,
1.65662E+12,43296.03003,60,1656616739,1.000049999,0.720034,0.01677281,0.72163658,
1.65662E+12,43405.78003,60,1656616739,1.000049999,0.7260337,0.01652198,0.723465838,
1.65662E+12,43517.68994,60,1656616739,1.000049999,0.7260337,0.01663416,0.725331096,
1.65662E+12,43625.30005,60,1656616739,1.000049999,0.7320434,0.01637651,0.727124688,
1.65662E+12,43731.37988,60,1656616739,1.000049999,0.73904305,0.0160528,0.728892773,
1.65662E+12,43848.73999,60,1656616739,1.000049999,0.73904305,0.01616921,0.730848873,
1.65662E+12,43960.02002,60,1656616739,1.000049999,0.7460327,0.01584515,0.732703633,
1.65662E+12,44066.40991,60,1656616739,1.000049999,0.75302235,0.01551279,0.734476886,
1.65662E+12,44177.76001,60,1656616739,1.000049999,0.75302235,0.01562161,0.736332814,
1.65662E+12,44286.56006,60,1656616739,1.000049999,0.760012,0.01528505,0.738146239,
1.65662E+12,44399.06006,60,1656616739,1.000049999,0.7660017,0.01501114,0.740021333,
1.65662E+12,44507.84985,60,1656616739,1.000049999,0.7660017,0.01511671,0.741834587,
1.65662E+12,44612.40991,60,1656616739,1.000049999,0.7720114,0.01482872,0.743577341,
1.65662E+12,44717.42993,60,1656616739,1.000049999,0.77701115,0.01460296,0.745327762,
1.65662E+12,44828.10986,60,1656616739,1.000049999,0.77701115,0.0147089,0.74717252,
1.65662E+12,44937.6499,60,1656616739,1.000049999,0.7841108,0.01434512,0.748998279,
1.65662E+12,45050.34985,60,1656616739,1.000049999,0.78791061,0.01419915,0.750876705,
1.65662E+12,45165.3999,60,1656616739,1.000049999,0.78791061,0.01430934,0.752794302,
1.65662E+12,45278.1499,60,1656616739,1.000049999,0.79377031,0.01402061,0.754673563,
1.65662E+12,45391.69995,60,1656616739,1.000049999,0.79969002,0.01372331,0.756566158,
1.65662E+12,45501.10986,60,1656616739,1.000049999,0.80467977,0.01348296,0.758389748,
1.65662E+12,45621.98999,60,1656616739,1.000049999,0.80467977,0.01359695,0.760404517,
1.65662E+12,45728.70996,60,1656616739,1.000049999,0.80772961,0.01348492,0.762183272,
1.65662E+12,45835.6499,60,1656616739,1.000049999,0.80983951,0.01343743,0.763965694,
1.65662E+12,45949.04004,60,1656616739,1.000049999,0.80983951,0.01354575,0.765855624,
1.65662E+12,46059.80005,60,1656616739,1.000049999,0.81102945,0.0135685,0.767701716,
1.65662E+12,46166.31006,60,1656616739,1.000049999,0.80892955,0.01382494,0.769476972,
1.65662E+12,46289.08984,60,1656616739,1.000049999,0.80892955,0.01394873,0.771523404,
1.65662E+12,46398.97998,60,1656616739,1.000049999,0.80693965,0.01420795,0.773354998,
1.65662E+12,46508.58984,60,1656616739,1.000049999,0.80695965,0.01432203,0.77518192,
1.65662E+12,46615.43994,60,1656616739,1.000049999,0.8079896,0.01435952,0.776962844,
1.65662E+12,46729.52002,60,1656616739,1.000049999,0.8079896,0.01448302,0.778864274,
1.65662E+12,46841.29004,60,1656616739,1.000049999,0.80900955,0.01452797,0.780727201,
1.65662E+12,46949.83984,60,1656616739,1.000049999,0.80902955,0.01464783,0.782536455,
1.65662E+12,47062.20996,60,1656616739,1.000049999,0.80902955,0.01477515,0.784409384,
1.65662E+12,47176.22998,60,1656616739,1.000049999,0.8080296,0.0149828,0.786309812,
1.65662E+12,47285.57983,60,1656616739,1.000049999,0.8060197,0.01527194,0.788132401,
1.65662E+12,47400.02002,60,1656616739,1.000049999,0.8060197,0.01541078,0.790039833,
1.65662E+12,47517.94995,60,1656616739,1.000049999,0.8020199,0.01587425,0.79200543,
1.65662E+12,47624.86987,60,1656616739,1.000049999,0.79902005,0.01625699,0.793787518,
1.65662E+12,47730.42993,60,1656616739,1.000049999,0.79902005,0.01639703,0.79554694,
1.65662E+12,47845.84985,60,1656616739,1.000049999,0.7960302,0.01679897,0.797470701,
1.65662E+12,47970.06006,60,1656616739,1.000049999,0.79503025,0.01705578,0.799540975,
1.65662E+12,48096.83984,60,1656616739,1.000049999,0.79503025,0.01723737,0.801654077,
1.65662E+12,48208.91992,60,1656616739,1.000049999,0.79503025,0.01740135,0.803522172,
1.65662E+12,48316.23999,60,1656616739,1.000049999,0.79503025,0.01756153,0.805310929,
1.65662E+12,48426.18994,60,1656616739,1.000049999,0.79703015,0.01755552,0.80714352,
1.65662E+12,48534.6499,60,1656616739,1.000049999,0.79703015,0.01771853,0.808951276,
1.65662E+12,48646.26001,60,1656616739,1.000049999,0.79903005,0.0177198,0.810811538,
1.65662E+12,48755.81006,60,1656616739,1.000049999,0.80302985,0.01753662,0.812637463,
1.65662E+12,48862.04004,60,1656616739,1.000049999,0.8080296,0.0172545,0.814408051,
1.65662E+12,48967.3999,60,1656616739,1.000049999,0.8080296,0.0174197,0.816164137,
1.65662E+12,49076.3999,60,1656616739,1.000049999,0.81302935,0.01713518,0.817980894,
1.65662E+12,49183.54004,60,1656616739,1.000049999,0.81901905,0.0167512,0.819766653,
1.65662E+12,49289.10986,60,1656616739,1.000049999,0.81901905,0.01691641,0.821526238,
1.65662E+12,49397,60,1656616739,1.000049999,0.8240088,0.01661604,0.823324496,
1.65662E+12,49506.83984,60,1656616739,1.000049999,0.83099845,0.01612501,0.825155252,
1.65662E+12,49626.78003,60,1656616739,1.000049999,0.83099845,0.01631181,0.827154355,
1.65662E+12,49742.84985,60,1656616739,1.000049999,0.8379781,0.01581529,0.829088949,
1.65662E+12,49850.82007,60,1656616739,1.000049999,0.84295785,0.01549251,0.830888542,
1.65662E+12,49964.3999,60,1656616739,1.000049999,0.84295785,0.01566787,0.832781634,
1.65662E+12,50086.10986,60,1656616739,1.000049999,0.84495775,0.0156587,0.834810235,
1.65662E+12,50200.78003,60,1656616739,1.000049999,0.84496775,0.01583097,0.8367215,
1.65662E+12,50318.16992,60,1656616739,1.000049999,0.8439678,0.01613681,0.838678096,
1.65662E+12,50424.18994,60,1656616739,1.000049999,0.8439678,0.01631561,0.840445185,
1.65662E+12,50529.62988,60,1656616739,1.000049999,0.84298785,0.01660104,0.842202605,
1.65662E+12,50634.82983,60,1656616739,1.000049999,0.84697765,0.01636128,0.843956025,
1.65662E+12,50740.25,60,1656616739,1.000049999,0.84697765,0.01654768,0.845713116,
1.65662E+12,50846.55005,60,1656616739,1.000049999,0.8559572,0.01575797,0.847484872,
1.65662E+12,50954.48999,60,1656616739,1.000049999,0.86692665,0.01472935,0.849283961,
1.65662E+12,51066.59985,60,1656616739,1.000049999,0.86692665,0.01491738,0.851152552,
1.65662E+12,51188.87988,60,1656616739,1.000049999,0.87790611,0.01387718,0.853190654,
1.65662E+12,51300.77002,60,1656616739,1.000049999,0.88788561,0.01290681,0.855055583,
1.65662E+12,51410.79004,60,1656616739,1.000049999,0.88788561,0.01307296,0.856889342,
1.65662E+12,51521.57007,60,1656616739,1.000049999,0.89487526,0.01241872,0.858735768,
1.65662E+12,51626.20996,60,1656616739,1.000049999,0.90087496,0.0118569,0.860479853,
1.65662E+12,51735.07007,60,1656616739,1.000049999,0.90087496,0.01201323,0.862294279,
1.65662E+12,51842.05005,60,1656616739,1.000049999,0.90388481,0.01180152,0.864077368,
1.65662E+12,51958.09985,60,1656616739,1.000049999,0.90589471,0.01172158,0.866011628,
1.65662E+12,52070.86987,60,1656616739,1.000049999,0.90889456,0.01150984,0.867891223,
1.65662E+12,52179.80005,60,1656616739,1.000049999,0.90889456,0.01167029,0.869706816,
1.65662E+12,52293.52002,60,1656616739,1.000049999,0.90889456,0.01184164,0.871602244,
1.65662E+12,52412.29004,60,1656616739,1.000049999,0.90890456,0.01202712,0.873581843,
1.65662E+12,52523.02002,60,1656616739,1.000049999,0.90890456,0.01220543,0.875427435,
1.65662E+12,52629.96997,60,1656616739,1.000049999,0.90990451,0.01224704,0.877210023,
1.65662E+12,52736.53003,60,1656616739,1.000049999,0.90891456,0.012563,0.878986113,
1.65662E+12,52844.55005,60,1656616739,1.000049999,0.90891456,0.01275317,0.880786537,
1.65662E+12,52955.92993,60,1656616739,1.000049999,0.90891456,0.01295191,0.882642961,
1.65662E+12,53064.05005,60,1656616739,1.000049999,0.90791461,0.01330176,0.884445053,
1.65662E+12,53168.83984,60,1656616739,1.000049999,0.90791461,0.01350597,0.886191637,
1.65662E+12,53282.38989,60,1656616739,1.000049999,0.90691466,0.01387175,0.888084232,
1.65662E+12,53403.8999,60,1656616739,1.000049999,0.90490476,0.01444165,0.890109501,
1.65662E+12,53520.08984,60,1656616739,1.000049999,0.90390481,0.01485711,0.892046096,
1.65662E+12,53629.13989,60,1656616739,1.000049999,0.90390481,0.01511327,0.893863688,
1.65662E+12,53735.34985,60,1656616739,1.000049999,0.90490476,0.01521043,0.895633943,
1.65662E+12,53841.72998,60,1656616739,1.000049999,0.90689466,0.01515009,0.897407033,
1.65662E+12,53947.8999,60,1656616739,1.000049999,0.90689466,0.01541619,0.89917662,
1.65662E+12,54060.40991,60,1656616739,1.000049999,0.90789461,0.01553867,0.901051881,
1.65662E+12,54168.65991,60,1656616739,1.000049999,0.91088446,0.01531303,0.902856138,
1.65662E+12,54282.23999,60,1656616739,1.000049999,0.91088446,0.01562023,0.904749234,
1.65662E+12,54393.54004,60,1656616739,1.000049999,0.91188441,0.01574682,0.906604327,
1.65662E+12,54497.92993,60,1656616739,1.000049999,0.91388431,0.01568742,0.908344246,
1.65662E+12,54602.26001,60,1656616739,1.000049999,0.91388431,0.01599127,0.910083168,
1.65662E+12,54709.40991,60,1656616739,1.000049999,0.91489426,0.0161243,0.911869089,
1.65662E+12,54817.82983,60,1656616739,1.000049999,0.91488426,0.01645682,0.913676178,
1.65662E+12,54927.09985,60,1656616739,1.000049999,0.91488426,0.01681923,0.915497436,
1.65662E+12,55050.90991,60,1656616739,1.000049999,0.91587421,0.01704081,0.91756104,
1.65662E+12,55161.38989,60,1656616739,1.000049999,0.91685416,0.01722756,0.919402465,
1.65662E+12,55267.51001,60,1656616739,1.000049999,0.91685416,0.01761484,0.921171222,
1.65662E+12,55379.94995,60,1656616739,1.000049999,0.91783411,0.01783146,0.923045315,
1.65662E+12,55488.58984,60,1656616739,1.000049999,0.91880406,0.01804636,0.92485607,
1.65662E+12,55596.78003,60,1656616739,1.000049999,0.92079396,0.01803578,0.92665933,
1.65662E+12,55706.31006,60,1656616739,1.000049999,0.92178391,0.01826834,0.928484922,
1.65662E+12,55817.41992,60,1656616739,1.000049999,0.92477376,0.01803782,0.930336845,
1.65662E+12,55922.52002,60,1656616739,1.000049999,0.92776361,0.01776921,0.932088601,
1.65662E+12,56042.82007,60,1656616739,1.000049999,0.92776361,0.01831026,0.934093702,
1.65662E+12,56151.94995,60,1656616739,1.000049999,0.93076346,0.01804965,0.935912625,
1.65662E+12,56269.76001,60,1656616739,1.000049999,0.93477326,0.01754343,0.937876224,
1.65662E+12,56397.01001,60,1656616739,1.000049999,0.93477326,0.01816307,0.939997163,
1.65662E+12,56506.33984,60,1656616739,1.000049999,0.93876306,0.01758953,0.941819418,
1.65662E+12,56624,60,1656616739,1.000049999,0.94376281,0.01671934,0.943780519,
1.65662E+12,56730.57007,60,1656616739,1.000049999,0.94876256,0.01573133,0.945556775,
1.65662E+12,56836.06006,60,1656616739,1.000049999,0.94876256,0.01625838,0.94731503,
1.65662E+12,56947.32007,60,1656616739,1.000049999,0.95575221,0.01455374,0.949169456,
1.65662E+12,57062.57983,60,1656616739,1.000049999,0.96274186,0.01273378,0.951090548,
1.65662E+12,57167.69995,60,1656616739,1.000049999,0.96274186,0.01321616,0.952842638,
1.65662E+12,57277.92993,60,1656616739,1.000049999,0.96973151,0.01117638,0.954679896,
1.65662E+12,57385.22998,60,1656616739,1.000049999,0.97772112,0.00857033,0.95646832,
1.65662E+12,57495.92993,60,1656616739,1.000049999,0.97772112,0.0089507,0.958313411,
1.65662E+12,57605.75,60,1656616739,1.000049999,0.98470077,0.00643512,0.960143837,
1.65662E+12,57713.20996,60,1656616739,1.000049999,0.99270037,0.00322717,0.961934926,
1.65662E+12,57839.03003,60,1656616739,1.000049999,0.99270037,0.00340847,0.964032032,
1.65662E+12,57949.62988,60,1656616739,1.000049999,0.99970002,0.00017146,0.965875455,
1.65662E+12,58066.81006,60,1656616739,1.000049999,1.00470977,0.00017146,0.967828555,
1.65662E+12,58189.36987,60,1656616739,1.000049999,1.00470977,0.00017146,0.969871321,
1.65662E+12,58292.19995,60,1656616739,1.000049999,1.00470977,0.00017146,0.971585241,
1.65662E+12,58396.21997,60,1656616739,1.000049999,1.00470977,0.00017146,0.973318995,
1.65662E+12,58498.92993,60,1656616739,1.000049999,1.00470977,0.00017146,0.975030913,
1.65662E+12,58601.5,60,1656616739,1.000049999,1.00470977,0.00017146,0.9767405,
1.65662E+12,58704.55005,60,1656616739,1.000049999,1.00470977,0.00017146,0.978458087,
1.65662E+12,58806.78003,60,1656616739,1.000049999,1.00470977,0.00017146,0.980162005,
1.65662E+12,58909.78003,60,1656616739,1.000049999,1.00470977,0.00017146,0.981878757,
1.65662E+12,59013.38989,60,1656616739,1.000049999,1.00470977,0.00017146,0.983605675,
1.65662E+12,59115.73999,60,1656616739,1.000049999,1.00470977,0.00017146,0.985311595,
1.65662E+12,59219.16992,60,1656616739,1.000049999,1.00470977,0.00017146,0.987035513,
1.65662E+12,59322.53003,60,1656616739,1.000049999,1.00470977,0.00017146,0.988758268,
1.65662E+12,59425.62988,60,1656616739,1.000049999,1.00470977,0.00017146,0.990476685,
1.65662E+12,59529.79004,60,1656616739,1.000049999,1.00470977,0.00017146,0.992212774,
1.65662E+12,59632.53003,60,1656616739,1.000049999,1.00470977,0.00017146,0.993925193,
