timestamp,,e_point,n_point,e_cur,n_cur,Cur_head,Head_ref,,Head_command,
1.65661E+12,0,0,0,0,0,0,0,0,0,0
1.65661E+12,101.5,0,0,0,0,0,0,0,0,0
1.65661E+12,204.9899902,0,0,1.781,1.166,0,0,0,0,0
1.65661E+12,305.9199219,0,0,1.781,1.165,84.24136353,0,0,0,0
1.65661E+12,406.4499512,0,0,1.781,1.165,84.31958008,0,0,0,0
1.65661E+12,506.8100586,0,0,1.78,1.166,84.35500336,0,0,0,0
1.65661E+12,607.1799316,0,0,1.78,1.166,84.37974548,0,0,0,0
1.65661E+12,707.5200195,0,0,1.78,1.166,84.38866425,0,0,0,0
1.65661E+12,807.8598633,0,0,1.78,1.166,84.39266968,0,0,0,0
1.65661E+12,908.1699219,0,0,1.78,1.166,84.33890533,0,0,0,0
1.65661E+12,1008.48999,0,0,1.781,1.166,84.34515381,0,0,0,0
1.65661E+12,1108.879883,0,0,1.782,1.165,84.36930847,0,0,0,0
1.65661E+12,1209.199951,0,0,1.782,1.165,84.44117737,0,0,0,0
1.65661E+12,1309.540039,0,0,1.782,1.164,84.49981689,0,0,0,0
1.65661E+12,1409.879883,0,0,1.782,1.164,84.54786682,0,0,0,0
1.65661E+12,1510.320068,0,0,1.782,1.163,84.61269379,0,0,0,0
1.65661E+12,1610.629883,0,0,1.782,1.162,84.69687653,0,0,0,0
1.65661E+12,1711.399902,0,0,1.782,1.162,84.80168915,0,0,0,0
1.65661E+12,1811.709961,0,0,1.78,1.162,84.91558838,0,0,0,0
1.65661E+12,1912.050049,0,0,1.779,1.163,85.01074982,0,0,0,0
1.65661E+12,2012.459961,0,0,1.779,1.163,85.10840607,0,0,0,0
1.65661E+12,2112.899902,0,0,1.778,1.163,85.17752838,0,0,0,0
1.65661E+12,2213.429932,0,0,1.778,1.163,85.23626709,0,0,0,0
1.65661E+12,2314.040039,0,0,1.779,1.164,85.36507416,0,0,0,0
1.65661E+12,2414.429932,0,0,1.779,1.164,85.42977905,0,0,0,0
1.65661E+12,2514.97998,0,0,1.779,1.164,85.4634552,0,0,0,0
1.65661E+12,2615.840088,0,0,1.781,1.165,85.5221405,0,0,0,0
1.65661E+12,2716.139893,0,0,1.782,1.165,85.56231689,0,0,0,0
1.65661E+12,2816.469971,0,0,1.782,1.165,85.58039093,0,0,0,0
1.65661E+12,2916.790039,0,0,1.783,1.166,85.62678528,0,0,0,0
1.65661E+12,3017.099854,0,0,1.784,1.167,85.64788055,0,0,0,0
1.65661E+12,3118.070068,0,0,1.784,1.167,85.71270752,0,0,0,0
1.65661E+12,3218.379883,0,0,1.784,1.167,85.79370117,0,0,0,0
1.65661E+12,3318.709961,0,0,1.784,1.167,85.89263916,0,0,0,0
1.65661E+12,3419.040039,0,0,1.784,1.167,86.01473236,0,0,0,0
1.65661E+12,3520.830078,0,0,1.784,1.167,86.11906433,0,0,0,0
1.65661E+12,3621.219971,0,0,1.784,1.167,86.25379944,0,0,0,0
1.65661E+12,3721.709961,0,0,1.783,1.166,86.38477325,0,0,0,0
1.65661E+12,3822.050049,0,0,1.782,1.165,86.49607849,0,0,0,0
1.65661E+12,3922.459961,0,0,1.782,1.165,86.62597656,0,0,0,0
1.65661E+12,4022.949951,0,0,1.782,1.165,86.72963715,0,0,0,0
1.65661E+12,4123.300049,0,0,1.782,1.165,86.86914825,0,0,0,0
1.65661E+12,4223.550049,0,0,1.782,1.164,86.95720673,0,0,0,0
1.65661E+12,4323.780029,0,0,1.782,1.163,87.04440308,0,0,0,0
1.65661E+12,4424.090088,0,0,1.782,1.163,87.1129303,0,0,0,0
1.65661E+12,4524.419922,0,0,1.783,1.163,87.21977997,0,0,0,0
1.65661E+12,4624.75,0,0,1.784,1.163,87.33377838,0,0,0,0
1.65661E+12,4725.179932,0,0,1.784,1.163,87.52275085,0,0,0,0
1.65661E+12,4825.540039,0,0,1.785,1.164,87.61481476,0,0,0,0
1.65661E+12,4926.219971,0,0,1.785,1.164,87.77163696,0,0,0,0
1.65661E+12,5026.52002,0,0,1.785,1.164,87.96396637,0,0,0,0
1.65661E+12,5126.840088,0,0,1.785,1.164,88.19847107,0,0,0,0
1.65661E+12,5227.219971,0,0,1.785,1.164,88.33126831,0,0,0,0
1.65661E+12,5327.699951,0,0,1.786,1.164,88.48278809,0,0,0,0
1.65661E+12,5428.040039,0,0,1.787,1.162,88.59148407,0,0,0,0
1.65661E+12,5528.379883,0,0,1.787,1.162,88.69149017,0,0,0,0
1.65661E+12,5628.98999,0,0,1.788,1.161,88.74353027,0,0,0,0
1.65661E+12,5729.320068,0,0,1.788,1.161,88.7684021,0,0,0,0
1.65661E+12,5829.859863,0,0,1.79,1.159,88.73138428,0,0,0,0
1.65661E+12,5930.179932,0,0,1.791,1.159,88.71633148,0,0,0,0
1.65661E+12,6030.540039,0,0,1.791,1.159,88.70849609,0,0,0,0
1.65661E+12,6130.879883,0,0,1.791,1.159,88.704422,0,0,0,0
1.65661E+12,6231.22998,0,0,1.79,1.159,88.70214081,0,0,0,0
1.65661E+12,6331.649902,0,0,1.79,1.159,88.70111084,0,0,0,0
1.65661E+12,6432.26001,0,0,1.788,1.161,88.6765213,0,0,0,0
1.65661E+12,6532.909912,0,0,1.788,1.161,88.63703156,0,0,0,0
1.65661E+12,6633.669922,0,0,1.786,1.163,88.52200317,0,0,0,0
1.65661E+12,6734.27002,0,0,1.785,1.166,88.41992188,0,0,0,0
1.65661E+12,6834.609863,0,0,1.785,1.166,88.3144455,0,0,0,0
1.65661E+12,6936.340088,0,0,1.785,1.168,88.14231873,0,0,0,0
1.65661E+12,7036.669922,0,0,1.784,1.17,87.96567535,0,0,0,0
1.65661E+12,7136.98999,0,0,1.784,1.17,87.79029846,0,0,0,0
1.65661E+12,7237.300049,0,0,1.784,1.171,87.66637421,0,0,0,0
1.65661E+12,7337.590088,0,0,1.784,1.171,87.58052063,0,0,0,0
1.65661E+12,7438.879883,0,0,1.784,1.171,87.62155914,0,0,0,0
1.65661E+12,7539.919922,0,0,1.784,1.17,87.70116425,0,0,0,0
1.65661E+12,7640.429932,0,0,1.784,1.17,87.78873444,0,0,0,0
1.65661E+12,7740.75,0,0,1.784,1.169,87.90701294,0,0,0,0
1.65661E+12,7841.070068,0,0,1.783,1.166,88.00659943,0,0,0,0
1.65661E+12,7941.77002,0,0,1.783,1.166,88.09177399,0,0,0,0
1.65661E+12,8042.070068,0,0,1.782,1.163,88.19801331,0,0,0,0
1.65661E+12,8142.429932,0,0,1.782,1.163,88.30223846,0,0,0,0
1.65661E+12,8242.75,0,0,1.782,1.16,88.30587769,0,0,0,0
1.65661E+12,8343.040039,0,0,1.781,1.159,88.2520752,0,0,0,0
1.65661E+12,8443.409912,0,0,1.781,1.159,88.17913818,0,0,0,0
1.65661E+12,8543.77002,0,0,1.781,1.159,88.01881409,0,0,0,0
1.65661E+12,8644.099854,0,0,1.782,1.16,87.91387177,0,0,0,0
1.65661E+12,8744.419922,0,0,1.782,1.16,87.81130219,0,0,0,0
1.65661E+12,8844.73999,0,0,1.782,1.162,87.6823349,0,0,0,0
1.65661E+12,8945.070068,0,0,1.782,1.162,87.52708435,0,0,0,0
1.65661E+12,9045.77002,0,0,1.782,1.163,87.35162354,0,0,0,0
1.65661E+12,9146.25,0,0,1.781,1.164,87.17139435,0,0,0,0
1.65661E+12,9246.629883,0,0,1.781,1.164,87.04123688,0,0,0,0
1.65661E+12,9346.949951,0,0,1.781,1.164,86.81417847,0,0,0,0
1.65661E+12,9447.340088,0,0,1.78,1.163,86.59801483,0,0,0,0
1.65661E+12,9547.679932,0,0,1.78,1.163,86.37910461,0,0,0,0
1.65661E+12,9648.040039,0,0,1.781,1.163,86.10910797,0,0,0,0
1.65661E+12,9748.379883,0,0,1.781,1.163,85.86494446,0,0,0,0
1.65661E+12,9849.939941,0,0,1.782,1.164,85.59610748,0,0,0,0
1.65661E+12,9950.639893,0,0,1.783,1.165,85.41356659,0,0,0,0
1.65661E+12,10050.97998,0,0,1.783,1.165,85.21522522,0,0,0,0
1.65661E+12,10152.92993,0,0,1.784,1.166,85.01608276,0,0,0,0
1.65661E+12,10253.23999,0,0,1.785,1.167,84.90457916,0,0,0,0
1.65661E+12,10353.6499,0,0,1.785,1.167,84.75850677,0,0,0,0
1.65661E+12,10455.11987,0,0,1.784,1.168,84.64817047,0,0,0,0
1.65661E+12,10555.65991,0,0,1.784,1.168,84.46850586,0,0,0,0
1.65661E+12,10656.13989,0,0,1.784,1.168,84.21152496,0,0,0,0
1.65661E+12,10756.46997,0,0,1.783,1.167,83.99208069,0,0,0,0
1.65661E+12,10857.07007,0,0,1.783,1.167,83.804039,0,0,0,0
1.65661E+12,10958.30005,0,0,1.782,1.166,83.61909485,0,0,0,0
1.65661E+12,11058.82007,0,0,1.781,1.165,83.44734192,0,0,0,0
1.65661E+12,11159.1499,0,0,1.781,1.165,83.26810455,0,0,0,0
1.65661E+12,11259.60986,0,0,1.779,1.164,83.13320923,0,0,0,0
1.65661E+12,11360.41992,0,0,1.777,1.163,83.0213623,0,0,0,0
1.65661E+12,11460.77002,0,0,1.777,1.163,82.91469574,0,0,0,0
1.65661E+12,11561.09009,0,0,1.776,1.163,82.80099487,0,0,0,0
1.65661E+12,11661.42993,0,0,1.776,1.163,82.64567566,0,0,0,0
1.65661E+12,11762.77002,0,0,1.776,1.164,82.54168701,0,0,0,0
1.65661E+12,11863.09985,0,0,1.775,1.164,82.46377563,0,0,0,0
1.65661E+12,11964.19995,0,0,1.775,1.164,82.43087006,0,0,0,0
1.65661E+12,12064.90991,0,0,1.776,1.165,82.38814545,0,0,0,0
1.65661E+12,12166.53003,0,0,1.777,1.165,82.342659,0,0,0,0
1.65661E+12,12266.93994,0,0,1.777,1.165,82.32220459,0,0,0,0
1.65661E+12,12367.34009,0,0,1.777,1.165,82.31155396,0,0,0,0
1.65661E+12,12468.48999,0,0,1.777,1.165,82.3052063,0,0,0,0
1.65661E+12,12568.85986,0,0,1.777,1.164,82.30271149,0,0,0,0
1.65661E+12,12669.25,0,0,1.777,1.164,82.30141449,0,0,0,0
1.65661E+12,12770.69995,0,0,1.777,1.164,82.30073547,0,0,0,0
1.65661E+12,12871.35986,0,0,1.777,1.163,82.26995087,0,0,0,0
1.65661E+12,12971.78003,0,0,1.777,1.164,82.23640442,0,0,0,0
1.65661E+12,13072.18994,0,0,1.777,1.164,82.21710968,0,0,0,0
1.65661E+12,13172.52002,0,0,1.777,1.164,82.20957184,0,0,0,0
1.65661E+12,13272.83008,0,0,1.777,1.164,82.20463562,0,0,0,0
1.65661E+12,13373.1499,0,0,1.777,1.164,82.20278931,0,0,0,0
1.65661E+12,13473.46997,0,0,1.777,1.164,82.20116425,0,0,0,0
1.65661E+12,13573.78003,0,0,1.777,1.164,82.2006073,0,0,0,0
1.65661E+12,13674.37988,0,0,1.776,1.164,82.24014282,0,0,0,0
1.65661E+12,13774.81006,0,0,1.776,1.163,82.2780304,0,0,0,0
1.65661E+12,13875.15991,0,0,1.776,1.163,82.33679199,0,0,0,0
1.65661E+12,13975.45996,0,0,1.775,1.163,82.39984131,0,0,0,0
1.65661E+12,14075.80005,0,0,1.775,1.163,82.44787598,0,0,0,0
1.65661E+12,14176.13989,0,0,1.776,1.163,82.55344391,0,0,0,0
1.65661E+12,14276.47998,0,0,1.776,1.163,82.64863586,0,0,0,0
1.65661E+12,14377.03003,0,0,1.776,1.163,82.72122955,0,0,0,0
1.65661E+12,14477.41992,0,0,1.777,1.163,82.86490631,0,0,0,0
1.65661E+12,14577.73999,0,0,1.777,1.164,82.96844482,0,0,0,0
1.65661E+12,14678.06006,0,0,1.777,1.164,83.14398956,0,0,0,0
1.65661E+12,14778.35986,0,0,1.778,1.164,83.25492859,0,0,0,0
1.65661E+12,14878.67993,0,0,1.778,1.164,83.32450104,0,0,0,0
1.65661E+12,14979.02002,0,0,1.778,1.165,83.48020172,0,0,0,0
1.65661E+12,15079.40991,0,0,1.779,1.165,83.59960938,0,0,0,0
1.65661E+12,15179.76001,0,0,1.779,1.165,83.7647934,0,0,0,0
1.65661E+12,15283.47998,0,0,1.779,1.165,83.78981018,0,0,-0.20943951,-6
1.65661E+12,15384.87988,0,0,1.779,1.165,83.78362274,0,0,-0.20943951,-6
1.65661E+12,15485.8999,0,0,1.779,1.165,83.72575378,0,0,-0.20943951,-6
1.65661E+12,15591.47998,0,0,1.779,1.164,82.85601044,0,0,-0.20943951,-6
1.65661E+12,15694.23999,0,0,1.779,1.164,82.03953552,0,0,-0.20943951,-6
1.65661E+12,15799.09009,0,0,1.779,1.164,81.26416779,0,0,-0.20943951,-6
1.65661E+12,15900.42993,0,0,1.779,1.164,79.85984802,0,0,-0.20943951,-6
1.65661E+12,16001.34985,0,0,1.779,1.164,79.71914673,0,0,-0.20943951,-6
1.65661E+12,16105.82007,0,0,1.779,1.165,78.96930695,0,0,-0.20943951,-6
1.65661E+12,16208.45996,0,0,1.779,1.166,78.59620667,0,0,-0.20943951,-6
1.65661E+12,16312.34985,0,0,1.779,1.166,77.93094635,0,0,-0.20943951,-6
1.65661E+12,16415,0,0,1.778,1.168,77.5566864,0,0,-0.20943951,-6
1.65661E+12,16515.98999,0,0,1.777,1.169,77.68875122,0,0,-0.20943951,-6
1.65661E+12,16618.66992,0,0,1.777,1.169,77.87278748,0,0,-0.20943951,-6
1.65661E+12,16719.67993,0,0,1.776,1.17,78.08164215,0,0,-0.20943951,-6
1.65661E+12,16820.65991,0,0,1.775,1.171,77.8537674,0,0,-0.20943951,-6
1.65661E+12,16923.20996,0,0,1.775,1.171,77.04801178,0,0,-0.20943951,-6
1.65661E+12,17024.61987,0,0,1.773,1.171,76.62822723,0,0,-0.20943951,-6
1.65661E+12,17126.40991,0,0,1.773,1.171,75.74806213,0,0,-0.20943951,-6
1.65661E+12,17227.34009,0,0,1.771,1.171,75.35913849,0,0,-0.20943951,-6
1.65661E+12,17329.59985,0,0,1.769,1.172,74.74339294,0,0,-0.20943951,-6
1.65661E+12,17431.8999,0,0,1.769,1.172,74.46893311,0,0,-0.20943951,-6
1.65661E+12,17533.37988,0,0,1.767,1.174,74.6932373,0,0,-0.20943951,-6
1.65661E+12,17634.32007,0,0,1.765,1.175,74.96515656,0,0,-0.20943951,-6
1.65661E+12,17735.35986,0,0,1.765,1.175,75.18697357,0,0,-0.20943951,-6
1.65661E+12,17836.34985,0,0,1.764,1.176,75.55952454,0,0,-0.20943951,-6
1.65661E+12,17938.1499,0,0,1.764,1.175,76.13165283,0,0,-0.20943951,-6
1.65661E+12,18039.85986,0,0,1.764,1.175,77.43370056,0,0,-0.20943951,-6
1.65661E+12,18140.82007,0,0,1.765,1.174,78.50901794,0,0,-0.20943951,-6
1.65661E+12,18246.55005,0,0,1.765,1.174,78.40612793,0,0,-0.20943951,-6
1.65661E+12,18347.72998,0,0,1.767,1.172,77.77258301,0,0,-0.20943951,-6
1.65661E+12,18449.17993,0,0,1.768,1.172,78.07842255,0,0,-0.20943951,-6
1.65661E+12,18550.09985,0,0,1.768,1.172,77.29718781,0,0,-0.20943951,-6
1.65661E+12,18650.93994,0,0,1.769,1.172,76.11170197,0,0,-0.20943951,-6
1.65661E+12,18752.27002,0,0,1.768,1.173,75.67845154,0,0,-0.20943951,-6
1.65661E+12,18854.78003,0,0,1.768,1.173,74.81008148,0,0,-0.20943951,-6
1.65661E+12,18957.05005,0,0,1.768,1.175,73.8611908,0,0,-0.20943951,-6
1.65661E+12,19060.27002,0,0,1.767,1.177,72.85961914,0,0,-0.20943951,-6
1.65661E+12,19163.15991,0,0,1.767,1.177,71.92571259,0,0,-0.20943951,-6
1.65661E+12,19265.36987,0,0,1.766,1.18,71.48926544,0,0,-0.20943951,-6
1.65661E+12,19366.29004,0,0,1.766,1.18,70.8297348,0,0,-0.20943951,-6
1.65661E+12,19467.86987,0,0,1.766,1.183,70.34421539,0,0,-0.20943951,-6
1.65661E+12,19568.86987,0,0,1.765,1.186,70.32507324,0,0,-0.20943951,-6
1.65661E+12,19672.06006,0,0,1.765,1.186,70.20703888,0,0,-0.20943951,-6
1.65661E+12,19774.20996,0,0,1.764,1.187,70.43470764,0,0,-0.20943951,-6
1.65661E+12,19877.79004,0,0,1.763,1.186,70.64369202,0,0,-0.20943951,-6
1.65661E+12,19980.04004,0,0,1.763,1.186,70.66981506,0,0,-0.20943951,-6
1.65661E+12,20083.85986,0,0,1.763,1.185,70.54168701,0,0,-0.20943951,-6
1.65661E+12,20185.88989,0,0,1.763,1.185,70.46980286,0,0,-0.20943951,-6
1.65661E+12,20288.76001,0,0,1.763,1.185,69.52680969,0,0,-0.20943951,-6
1.65661E+12,20390.32007,0,0,1.765,1.184,69.02781677,0,0,-0.20943951,-6
1.65661E+12,20494.32007,0,0,1.765,1.184,68.08000183,0,0,-0.20943951,-6
1.65661E+12,20595.59009,0,0,1.767,1.184,66.52248383,0,0,-0.20943951,-6
1.65661E+12,20696.48999,0,0,1.768,1.185,65.37685394,0,0,-0.20943951,-6
1.65661E+12,20798.02002,0,0,1.768,1.185,63.81102371,0,0,-0.20943951,-6
1.65661E+12,20901.92993,0,0,1.768,1.186,62.48571777,0,0,-0.20943951,-6
1.65661E+12,21002.96997,0,0,1.765,1.188,61.02761078,0,0,-0.20943951,-6
1.65661E+12,21105.33008,0,0,1.765,1.188,59.63367462,0,0,-0.20943951,-6
1.65661E+12,21209.98999,0,0,1.763,1.19,58.52053452,0,0,-0.20943951,-6
1.65661E+12,21311.79004,0,0,1.759,1.194,58.05566406,0,0,-0.20943951,-6
1.65661E+12,21413.36987,0,0,1.759,1.194,57.19497681,0,0,-0.20943951,-6
1.65661E+12,21514.42993,0,0,1.757,1.198,56.46883392,0,0,-0.20943951,-6
1.65661E+12,21616.33008,0,0,1.757,1.198,56.474823,0,0,-0.20943951,-6
1.65661E+12,21717.29004,0,0,1.754,1.2,56.63834381,0,0,-0.20943951,-6
1.65661E+12,21818.98999,0,0,1.753,1.201,56.93319321,0,0,-0.20943951,-6
1.65661E+12,21921.77002,0,0,1.753,1.201,57.25677872,0,0,-0.20943951,-6
1.65661E+12,22025.56006,0,0,1.751,1.202,57.46725845,0,0,-0.20943951,-6
1.65661E+12,22126.51001,0,0,1.75,1.202,58.14614868,0,0,-0.20943951,-6
1.65661E+12,22233.19995,0,0,1.75,1.202,58.35532761,0,0,-0.20943951,-6
1.65661E+12,22334.1499,0,0,1.749,1.204,57.3992691,0,0,-0.20943951,-6
1.65661E+12,22435.18994,0,0,1.75,1.207,56.78351974,0,0,-0.20943951,-6
1.65661E+12,22538.81006,0,0,1.75,1.207,55.6504631,0,0,-0.20943951,-6
1.65661E+12,22641,0,0,1.752,1.211,54.01599884,0,0,-0.20943951,-6
1.65661E+12,22742.02002,0,0,1.753,1.214,52.53931046,0,0,-0.20943951,-6
1.65661E+12,22844.33008,0,0,1.753,1.214,50.84262085,0,0,-0.20943951,-6
1.65661E+12,22945.68994,0,0,1.753,1.217,49.28776932,0,0,-0.20943951,-6
1.65661E+12,23047.1499,0,0,1.753,1.217,47.49877548,0,0,-0.20943951,-6
1.65661E+12,23149.79004,0,0,1.753,1.217,45.98529053,0,0,-0.20943951,-6
1.65661E+12,23250.66992,0,0,1.75,1.217,44.55469131,0,0,-0.20943951,-6
1.65661E+12,23355.79004,0,0,1.75,1.217,43.57048416,0,0,-0.20943951,-6
1.65661E+12,23457.80005,0,0,1.746,1.217,42.26729965,0,0,-0.20943951,-6
1.65661E+12,23559.59009,0,0,1.743,1.217,41.63156509,0,0,-0.20943951,-6
1.65661E+12,23660.97998,0,0,1.743,1.217,41.23301697,0,0,-0.20943951,-6
1.65661E+12,23763.52002,0,0,1.741,1.219,40.6359024,0,0,-0.20943951,-6
1.65661E+12,23868.51001,0,0,1.741,1.222,40.64206314,0,0,-0.20943951,-6
1.65661E+12,23969.68994,0,0,1.741,1.222,40.28918839,0,0,-0.20943951,-6
1.65661E+12,24071.73999,0,0,1.742,1.227,39.94527054,0,0,-0.20943951,-6
1.65661E+12,24174.86987,0,0,1.742,1.227,39.74301147,0,0,-0.20943951,-6
1.65661E+12,24275.72998,0,0,1.744,1.231,39.57652664,0,0,-0.20943951,-6
1.65661E+12,24379.11987,0,0,1.746,1.235,38.51932144,0,0,-0.20943951,-6
1.65661E+12,24482.52002,0,0,1.746,1.235,38.08013916,0,0,-0.20943951,-6
1.65661E+12,24583.78003,0,0,1.747,1.238,37.42137527,0,0,-0.20943951,-6
1.65661E+12,24685.41992,0,0,1.746,1.239,36.60419083,0,0,-0.20943951,-6
1.65661E+12,24789.79004,0,0,1.746,1.239,35.63026428,0,0,-0.20943951,-6
1.65661E+12,24892.62988,0,0,1.743,1.24,34.78010178,0,0,-0.20943951,-6
1.65661E+12,24993.97998,0,0,1.74,1.24,34.2092514,0,0,-0.20943951,-6
1.65661E+12,25094.86987,0,0,1.74,1.24,33.14106369,0,0,-0.20943951,-6
1.65661E+12,25199.63989,0,0,1.738,1.241,32.57922363,0,0,-0.20943951,-6
1.65661E+12,25301.87988,0,0,1.738,1.241,31.81671333,0,0,-0.20943951,-6
1.65661E+12,25402.88989,0,0,1.736,1.243,31.45054054,0,0,-0.20943951,-6
1.65661E+12,25503.79004,0,0,1.736,1.244,30.83765411,0,0,-0.20943951,-6
1.65661E+12,25604.88989,0,0,1.736,1.244,30.41757584,0,0,-0.20943951,-6
1.65661E+12,25706.09009,0,0,1.737,1.247,30.49870682,0,0,-0.20943951,-6
1.65661E+12,25807.84985,0,0,1.738,1.25,30.52369308,0,0,-0.20943951,-6
1.65661E+12,25908.78003,0,0,1.738,1.25,30.74745178,0,0,-0.20943951,-6
1.65661E+12,26010.58008,0,0,1.738,1.253,30.8879528,0,0,-0.20943951,-6
1.65661E+12,26111.44995,0,0,1.738,1.256,30.92317581,0,0,-0.20943951,-6
1.65661E+12,26214.22998,0,0,1.738,1.256,31.49054527,0,0,-0.20943951,-6
1.65661E+12,26315.70996,0,0,1.739,1.257,31.93424606,0,0,-0.20943951,-6
1.65661E+12,26418.84009,0,0,1.739,1.257,31.51259041,0,0,-0.20943951,-6
1.65661E+12,26522.6499,0,0,1.741,1.257,29.9225769,0,0,-0.20943951,-6
1.65661E+12,26624.92993,0,0,1.744,1.257,29.4419117,0,0,-0.20943951,-6
1.65661E+12,26727.91992,0,0,1.744,1.257,27.85698318,0,0,-0.20943951,-6
1.65661E+12,26833.11987,0,0,1.749,1.257,26.14839172,0,0,-0.20943951,-6
1.65661E+12,26935.81006,0,0,1.751,1.258,24.88578224,0,0,-0.20943951,-6
1.65661E+12,27038.63989,0,0,1.751,1.258,22.80430984,0,0,-0.20943951,-6
1.65661E+12,27140.26001,0,0,1.751,1.261,21.05033112,0,0,-0.20943951,-6
1.65661E+12,27241.27002,0,0,1.749,1.264,19.44408607,0,0,-0.20943951,-6
1.65661E+12,27344.23999,0,0,1.749,1.264,18.34972572,0,0,-0.20943951,-6
1.65661E+12,27446.40991,0,0,1.746,1.266,17.513731,0,0,-0.20943951,-6
1.65661E+12,27553.62988,0,0,1.746,1.266,16.84793091,0,0,-0.20943951,-6
1.65661E+12,27654.63989,0,0,1.742,1.268,16.36257362,0,0,-0.20943951,-6
1.65661E+12,27756.09985,0,0,1.74,1.271,16.59266281,0,0,-0.20943951,-6
1.65661E+12,27858.31006,0,0,1.74,1.271,16.56188393,0,0,-0.20943951,-6
1.65661E+12,27959.26001,0,0,1.74,1.273,16.82657814,0,0,-0.20943951,-6
1.65661E+12,28060.22998,0,0,1.74,1.275,17.14170074,0,0,-0.20943951,-6
1.65661E+12,28161.52002,0,0,1.74,1.275,17.4240284,0,0,-0.20943951,-6
1.65661E+12,28262.42993,0,0,1.741,1.275,17.79847527,0,0,-0.20943951,-6
1.65661E+12,28364.29004,0,0,1.741,1.275,17.97697067,0,0,-0.20943951,-6
1.65661E+12,28465.86987,0,0,1.741,1.275,17.25942421,0,0,-0.20943951,-6
1.65661E+12,28566.77002,0,0,1.742,1.272,16.42009735,0,0,-0.20943951,-6
1.65661E+12,28668.94995,0,0,1.742,1.272,15.26765251,0,0,-0.20943951,-6
1.65661E+12,28772.08008,0,0,1.743,1.268,13.87626839,0,0,-0.20943951,-6
1.65661E+12,28881.09009,0,0,1.743,1.267,12.62996864,0,0,-0.20943951,-6
1.65661E+12,28982.26001,0,0,1.743,1.267,11.30187893,0,0,-0.20943951,-6
1.65661E+12,29084.52002,0,0,1.744,1.268,9.96222496,0,0,-0.20943951,-6
1.65661E+12,29189.96997,0,0,1.745,1.272,8.723715782,0,0,-0.20943951,-6
1.65661E+12,29291.58008,0,0,1.745,1.272,7.459725857,0,0,-0.20943951,-6
1.65661E+12,29393.84985,0,0,1.746,1.279,6.525154114,0,0,-0.20943951,-6
1.65661E+12,29494.72998,0,0,1.745,1.285,5.888930798,0,0,-0.20943951,-6
1.65661E+12,29595.71997,0,0,1.745,1.285,5.456907272,0,0,-0.20943951,-6
1.65661E+12,29697.48999,0,0,1.744,1.289,5.281346321,0,0,-0.20943951,-6
1.65661E+12,29798.35986,0,0,1.744,1.289,5.447409153,0,0,-0.20943951,-6
1.65661E+12,29899.63989,0,0,1.742,1.29,5.56373024,0,0,-0.20943951,-6
1.65661E+12,30000.53003,0,0,1.74,1.288,6.157163143,0,0,-0.20943951,-6
1.65661E+12,30106.40991,0,0,1.74,1.288,6.879067421,0,0,-0.20943951,-6
1.65661E+12,30209.84009,0,0,1.74,1.286,7.938055038,0,0,-0.20943951,-6
1.65661E+12,30311.02002,0,0,1.741,1.284,9.125916481,0,0,-0.20943951,-6
1.65661E+12,30412.43994,0,0,1.741,1.284,9.763830185,0,0,-0.20943951,-6
1.65661E+12,30513.32007,0,0,1.744,1.283,9.235840797,0,0,-0.20943951,-6
1.65661E+12,30614.48999,0,0,1.745,1.281,8.791517258,0,0,-0.20943951,-6
1.65661E+12,30715.52002,0,0,1.745,1.281,8.081090927,0,0,-0.20943951,-6
1.65661E+12,30821.30005,0,0,1.746,1.278,6.612902641,0,0,-0.20943951,-6
1.65661E+12,30922.34985,0,0,1.746,1.278,5.695735931,0,0,-0.20943951,-6
1.65661E+12,31023.78003,0,0,1.747,1.276,4.457133293,0,0,-0.20943951,-6
1.65661E+12,31130.30005,0,0,1.746,1.274,3.284791231,0,0,-0.20943951,-6
1.65661E+12,31232.86987,0,0,1.746,1.274,2.383651972,0,0,-0.208012876,-5.95912993
1.65661E+12,31334.70996,0,0,1.745,1.274,1.546604633,0,0,-0.134966715,-3.866511583
1.65661E+12,31438.88989,0,0,1.744,1.277,1.14099288,0,0,-0.099570412,-2.8524822
1.65661E+12,31541.06006,0,0,1.744,1.277,0.791871309,0,0,-0.069103808,-1.979678273
1.65661E+12,31644.19995,0,0,1.744,1.281,0.344102919,0,0,-0.006005729,-0.17205146
1.65661E+12,31747.15991,0,0,1.745,1.286,0.848579824,3.141592654,180,0.20943951,6
1.65661E+12,31851.10986,0,0,1.745,1.286,0.873605788,3.141592654,180,0.20943951,6
1.65661E+12,31954.84985,0,0,1.745,1.289,0.994951069,3.141592654,180,0.20943951,6
1.65661E+12,32057.6499,0,0,1.748,1.292,2.355767727,3.141592654,180,0.20943951,6
1.65661E+12,32158.52002,0,0,1.748,1.292,3.469225883,3.141592654,180,0.20943951,6
1.65661E+12,32259.61987,0,0,1.75,1.294,3.574613571,3.141592654,180,0.20943951,6
1.65661E+12,32360.69995,0,0,1.75,1.294,4.984280109,3.141592654,180,0.20943951,6
1.65661E+12,32461.88989,0,0,1.753,1.293,5.445400715,3.141592654,180,0.20943951,6
1.65661E+12,32563.59009,0,0,1.757,1.293,5.45788002,3.141592654,180,0.20943951,6
1.65661E+12,32664.62988,0,0,1.757,1.293,6.00865078,3.141592654,180,0.20943951,6
1.65661E+12,32765.66992,0,0,1.763,1.293,6.361127853,3.141592654,180,0.20943951,6
1.65661E+12,32868.23999,0,0,1.768,1.291,6.550525188,3.141592654,180,0.20943951,6
1.65661E+12,32971.73999,0,0,1.768,1.291,6.488544464,3.141592654,180,0.20943951,6
1.65661E+12,33073.30005,0,0,1.77,1.288,5.913097858,3.141592654,180,0.20943951,6
1.65661E+12,33179.55005,0,0,1.77,1.287,5.783305645,3.141592654,180,0.20943951,6
1.65661E+12,33280.48999,0,0,1.77,1.287,6.40967226,3.141592654,180,0.20943951,6
1.65661E+12,33382.26001,0,0,1.768,1.288,7.241966724,3.141592654,180,0.20943951,6
1.65661E+12,33484.80005,0,0,1.768,1.288,7.708051205,3.141592654,180,0.20943951,6
1.65661E+12,33587.47998,0,0,1.765,1.288,8.274140358,3.141592654,180,0.20943951,6
1.65661E+12,33692.29004,0,0,1.761,1.29,8.753623962,3.141592654,180,0.20943951,6
1.65661E+12,33793.44995,0,0,1.761,1.29,9.063485146,3.141592654,180,0.20943951,6
1.65661E+12,33895.11987,0,0,1.759,1.291,8.819334984,3.141592654,180,0.20943951,6
1.65661E+12,33996.40991,0,0,1.757,1.29,8.451791763,3.141592654,180,0.20943951,6
1.65661E+12,34097.34985,0,0,1.757,1.29,7.910308838,3.141592654,180,0.20943951,6
1.65661E+12,34199.42993,0,0,1.755,1.287,7.217871666,3.141592654,180,0.20943951,6
1.65661E+12,34300.46997,0,0,1.753,1.285,6.980174065,3.141592654,180,0.20943951,6
1.65661E+12,34403,0,0,1.753,1.285,6.729453564,3.141592654,180,0.20943951,6
1.65661E+12,34505.72998,0,0,1.751,1.286,6.705301762,3.141592654,180,0.20943951,6
1.65661E+12,34608.30005,0,0,1.751,1.286,7.288005829,3.141592654,180,0.20943951,6
1.65661E+12,34710.09009,0,0,1.75,1.288,8.10547924,3.141592654,180,0.20943951,6
1.65661E+12,34814.51001,0,0,1.75,1.288,8.227065086,3.141592654,180,0.20943951,6
1.65661E+12,34918.54004,0,0,1.75,1.288,8.227065086,3.141592654,180,0.20943951,6
1.65661E+12,35020.69995,0,0,1.75,1.288,8.227065086,3.141592654,180,0.20943951,6
1.65661E+12,35126.76001,0,0,1.748,1.296,8.660881042,3.141592654,180,0.20943951,6
1.65661E+12,35227.72998,0,0,1.748,1.296,11.17252064,3.141592654,180,0.20943951,6
1.65661E+12,35328.85986,0,0,1.75,1.295,12.89206219,3.141592654,180,0.20943951,6
1.65661E+12,35429.84985,0,0,1.752,1.292,14.31622028,3.141592654,180,0.20943951,6
1.65661E+12,35531.71997,0,0,1.752,1.292,15.55764389,3.141592654,180,0.20943951,6
1.65661E+12,35633.98999,0,0,1.754,1.286,15.88903236,3.141592654,180,0.20943951,6
1.65661E+12,35736.02002,0,0,1.754,1.279,16.79437065,3.141592654,180,0.20943951,6
1.65661E+12,35841.1499,0,0,1.754,1.279,17.41199303,3.141592654,180,0.20943951,6
1.65661E+12,35942.08008,0,0,1.754,1.274,17.34879112,3.141592654,180,0.20943951,6
1.65661E+12,36043.59985,0,0,1.754,1.274,17.37932014,3.141592654,180,0.20943951,6
1.65661E+12,36150.78003,0,0,1.752,1.27,17.3028717,3.141592654,180,0.20943951,6
1.65661E+12,36253.35986,0,0,1.749,1.271,17.21611214,3.141592654,180,0.20943951,6
1.65661E+12,36354.22998,0,0,1.749,1.271,17.11281967,3.141592654,180,0.20943951,6
1.65661E+12,36455.25,0,0,1.746,1.272,17.42658615,3.141592654,180,0.20943951,6
1.65661E+12,36556.69995,0,0,1.745,1.274,17.75332069,3.141592654,180,0.20943951,6
1.65661E+12,36658.45996,0,0,1.745,1.274,18.70850945,3.141592654,180,0.20943951,6
1.65661E+12,36761.76001,0,0,1.743,1.275,19.608284,3.141592654,180,0.20943951,6
1.65661E+12,36865.87988,0,0,1.742,1.273,20.38442802,3.141592654,180,0.20943951,6
1.65661E+12,36967.46997,0,0,1.742,1.273,21.50698853,3.141592654,180,0.20943951,6
1.65661E+12,37068.47998,0,0,1.741,1.271,22.77304077,3.141592654,180,0.20943951,6
1.65661E+12,37173.78003,0,0,1.741,1.271,23.75085831,3.141592654,180,0.20943951,6
1.65661E+12,37278.97998,0,0,1.741,1.269,25.07864571,3.141592654,180,0.20943951,6
1.65661E+12,37380.69995,0,0,1.741,1.267,26.45094299,3.141592654,180,0.20943951,6
1.65661E+12,37483.6499,0,0,1.741,1.267,27.49438286,3.141592654,180,0.20943951,6
1.65661E+12,37585.31006,0,0,1.742,1.266,28.55307388,3.141592654,180,0.20943951,6
1.65661E+12,37687.77002,0,0,1.744,1.265,29.01193619,3.141592654,180,0.20943951,6
1.65661E+12,37790.09985,0,0,1.744,1.265,29.4990139,3.141592654,180,0.20943951,6
1.65661E+12,37891.09985,0,0,1.746,1.263,29.91551781,3.141592654,180,0.20943951,6
1.65661E+12,37992.35986,0,0,1.747,1.26,29.49406052,3.141592654,180,0.20943951,6
1.65661E+12,38095.77002,0,0,1.747,1.26,29.14378929,3.141592654,180,0.20943951,6
1.65661E+12,38198.08008,0,0,1.748,1.258,28.92225838,3.141592654,180,0.20943951,6
1.65661E+12,38299.02002,0,0,1.748,1.258,28.83175278,3.141592654,180,0.20943951,6
1.65661E+12,38399.86987,0,0,1.747,1.256,28.67150688,3.141592654,180,0.20943951,6
1.65661E+12,38500.85986,0,0,1.746,1.256,28.79168701,3.141592654,180,0.20943951,6
1.65661E+12,38602.28003,0,0,1.746,1.256,29.00203705,3.141592654,180,0.20943951,6
1.65661E+12,38703.19995,0,0,1.744,1.257,29.77187347,3.141592654,180,0.20943951,6
1.65661E+12,38805.1499,0,0,1.741,1.258,30.51880455,3.141592654,180,0.20943951,6
1.65661E+12,38908.09009,0,0,1.741,1.258,31.48851395,3.141592654,180,0.20943951,6
1.65661E+12,39009.30005,0,0,1.739,1.257,32.49541473,3.141592654,180,0.20943951,6
1.65661E+12,39110.16992,0,0,1.738,1.256,33.44002914,3.141592654,180,0.20943951,6
1.65661E+12,39212.44995,0,0,1.738,1.256,35.15262604,3.141592654,180,0.20943951,6
1.65661E+12,39314.36987,0,0,1.738,1.253,36.07633209,3.141592654,180,0.20943951,6
1.65661E+12,39417.10986,0,0,1.738,1.253,37.05011749,3.141592654,180,0.20943951,6
1.65661E+12,39518.56006,0,0,1.739,1.25,38.37166214,3.141592654,180,0.20943951,6
1.65661E+12,39621.43994,0,0,1.74,1.248,39.1790657,3.141592654,180,0.20943951,6
1.65661E+12,39723.46997,0,0,1.74,1.248,40.00868988,3.141592654,180,0.20943951,6
1.65661E+12,39825.67993,0,0,1.742,1.245,40.80342102,3.141592654,180,0.20943951,6
1.65661E+12,39926.93994,0,0,1.743,1.243,41.32704926,3.141592654,180,0.20943951,6
1.65661E+12,40028.26001,0,0,1.743,1.243,41.28879929,3.141592654,180,0.20943951,6
1.65661E+12,40129.82007,0,0,1.744,1.241,41.36194992,3.141592654,180,0.20943951,6
1.65661E+12,40232.27002,0,0,1.744,1.239,41.37908936,3.141592654,180,0.20943951,6
1.65661E+12,40334.29004,0,0,1.744,1.239,41.40557861,3.141592654,180,0.20943951,6
1.65661E+12,40435.46997,0,0,1.744,1.238,41.44683075,3.141592654,180,0.20943951,6
1.65661E+12,40536.76001,0,0,1.744,1.238,41.51108932,3.141592654,180,0.20943951,6
1.65661E+12,40637.76001,0,0,1.743,1.238,41.54497528,3.141592654,180,0.20943951,6
1.65661E+12,40740.43994,0,0,1.744,1.238,42.35103607,3.141592654,180,0.20943951,6
1.65661E+12,40841.41992,0,0,1.744,1.238,42.71535873,3.141592654,180,0.20943951,6
1.65661E+12,40942.29004,0,0,1.745,1.237,43.01372528,3.141592654,180,0.20943951,6
1.65661E+12,41043.53003,0,0,1.746,1.237,44.30262756,3.141592654,180,0.20943951,6
1.65661E+12,41148.96997,0,0,1.746,1.237,45.46411896,3.141592654,180,0.20943951,6
1.65661E+12,41253.66992,0,0,1.748,1.235,46.18124008,3.141592654,180,0.20943951,6
1.65661E+12,41354.83008,0,0,1.751,1.232,47.39561081,3.141592654,180,0.20943951,6
1.65661E+12,41461.07007,0,0,1.751,1.232,48.54368591,3.141592654,180,0.20943951,6
1.65661E+12,41562.21997,0,0,1.753,1.229,49.24027634,3.141592654,180,0.20943951,6
1.65661E+12,41663.84009,0,0,1.753,1.229,50.30563736,3.141592654,180,0.20943951,6
1.65661E+12,41765.56006,0,0,1.753,1.226,51.07829666,3.141592654,180,0.20943951,6
1.65661E+12,41867.68994,0,0,1.753,1.223,51.79521179,3.141592654,180,0.20943951,6
1.65661E+12,41969.34985,0,0,1.753,1.223,52.2673645,3.141592654,180,0.20943951,6
1.65661E+12,42071.25,0,0,1.752,1.221,52.10250092,3.141592654,180,0.20943951,6
1.65661E+12,42177.63989,0,0,1.75,1.22,52.12631226,3.141592654,180,0.20943951,6
1.65661E+12,42282.59009,0,0,1.75,1.22,51.86697769,3.141592654,180,0.20943951,6
1.65661E+12,42385.29004,0,0,1.747,1.218,51.83251953,3.141592654,180,0.20943951,6
1.65661E+12,42489.1499,0,0,1.745,1.216,51.77524185,3.141592654,180,0.20943951,6
1.65661E+12,42593.12988,0,0,1.745,1.216,52.1835289,3.141592654,180,0.20943951,6
1.65661E+12,42696.01001,0,0,1.744,1.213,52.65361404,3.141592654,180,0.20943951,6
1.65661E+12,42797.76001,0,0,1.743,1.21,53.66111755,3.141592654,180,0.20943951,6
1.65661E+12,42899.96997,0,0,1.743,1.21,54.58542633,3.141592654,180,0.20943951,6
1.65661E+12,43003.57007,0,0,1.743,1.206,55.40642548,3.141592654,180,0.20943951,6
1.65661E+12,43105.42993,0,0,1.743,1.206,56.39227676,3.141592654,180,0.20943951,6
1.65661E+12,43208.82007,0,0,1.744,1.202,57.59954071,3.141592654,180,0.20943951,6
1.65661E+12,43312.55005,0,0,1.746,1.199,58.71379089,3.141592654,180,0.20943951,6
1.65661E+12,43413.43994,0,0,1.746,1.199,59.64870453,3.141592654,180,0.20943951,6
1.65661E+12,43514.63989,0,0,1.747,1.196,60.74605942,3.141592654,180,0.20943951,6
1.65661E+12,43615.96997,0,0,1.748,1.194,62.01336288,3.141592654,180,0.20943951,6
1.65661E+12,43718.07007,0,0,1.748,1.194,62.90282822,3.141592654,180,0.20943951,6
1.65661E+12,43819.21997,0,0,1.749,1.193,63.70230103,3.141592654,180,0.20943951,6
1.65661E+12,43923.44995,0,0,1.75,1.192,64.57330322,3.141592654,180,0.20943951,6
1.65661E+12,44026.80005,0,0,1.75,1.192,64.98493958,3.141592654,180,0.20943951,6
1.65661E+12,44128.51001,0,0,1.752,1.193,65.0464325,3.141592654,180,0.20943951,6
1.65661E+12,44230.95996,0,0,1.752,1.193,65.35111237,3.141592654,180,0.20943951,6
1.65661E+12,44334.53003,0,0,1.754,1.193,65.49208069,3.141592654,180,0.20943951,6
1.65661E+12,44438.95996,0,0,1.757,1.194,65.71130371,3.141592654,180,0.20943951,6
1.65661E+12,44540.97998,0,0,1.757,1.194,65.86722565,3.141592654,180,0.20943951,6
1.65661E+12,44642.68994,0,0,1.76,1.194,66.1884079,3.141592654,180,0.20943951,6
1.65661E+12,44743.94995,0,0,1.761,1.193,66.45671844,3.141592654,180,0.20943951,6
1.65661E+12,44844.90991,0,0,1.761,1.193,67.96118927,3.141592654,180,0.20943951,6
1.65661E+12,44947.23999,0,0,1.76,1.19,68.99597931,3.141592654,180,0.20943951,6
1.65661E+12,45049.01001,0,0,1.759,1.187,70.07710266,3.141592654,180,0.20943951,6
1.65661E+12,45151.91992,0,0,1.759,1.187,71.63484192,3.141592654,180,0.20943951,6
1.65661E+12,45252.84009,0,0,1.758,1.185,73.01585388,3.141592654,180,0.20943951,6
1.65661E+12,45356.96997,0,0,1.758,1.183,74.44764709,3.141592654,180,0.20943951,6
1.65661E+12,45462.53003,0,0,1.758,1.183,76.0700531,3.141592654,180,0.20943951,6
1.65661E+12,45563.67993,0,0,1.758,1.182,77.62905121,3.141592654,180,0.20943951,6
1.65661E+12,45664.55005,0,0,1.758,1.182,78.93747711,3.141592654,180,0.20943951,6
1.65661E+12,45766.51001,0,0,1.76,1.182,80.04154968,3.141592654,180,0.20943951,6
1.65661E+12,45869.79004,0,0,1.764,1.183,80.72216797,3.141592654,180,0.20943951,6
1.65661E+12,45972.13989,0,0,1.764,1.183,81.52388,3.141592654,180,0.20943951,6
1.65661E+12,46073.04004,0,0,1.768,1.184,82.17895508,3.141592654,180,0.20943951,6
1.65661E+12,46175.73999,0,0,1.773,1.183,81.86956787,3.141592654,180,0.20943951,6
1.65661E+12,46276.73999,0,0,1.773,1.183,82.08094025,3.141592654,180,0.20943951,6
1.65661E+12,46378.5,0,0,1.776,1.182,81.97657776,3.141592654,180,0.20943951,6
1.65661E+12,46479.88989,0,0,1.777,1.179,82.19366455,3.141592654,180,0.20943951,6
1.65661E+12,46581.07007,0,0,1.777,1.178,82.37014771,3.141592654,180,0.20943951,6
1.65661E+12,46682.42993,0,0,1.776,1.174,82.65718842,3.141592654,180,0.20943951,6
1.65661E+12,46787.34985,0,0,1.776,1.174,83.28592682,3.141592654,180,0.20943951,6
1.65661E+12,46888.59985,0,0,1.773,1.169,84.34864807,3.141592654,180,0.20943951,6
1.65661E+12,46989.84985,0,0,1.77,1.165,85.07689667,3.141592654,180,0.20943951,6
1.65661E+12,47091.71997,0,0,1.77,1.165,86.25530243,3.141592654,180,0.20943951,6
1.65661E+12,47194.21997,0,0,1.767,1.163,87.44087982,3.141592654,180,0.20943951,6
1.65661E+12,47295.08008,0,0,1.767,1.163,88.80122375,3.141592654,180,0.20943951,6
1.65661E+12,47398.10986,0,0,1.767,1.163,90.25276947,3.141592654,180,0.20943951,6
1.65661E+12,47499.16992,0,0,1.768,1.164,91.49892426,3.141592654,180,0.20943951,6
1.65661E+12,47600.19995,0,0,1.768,1.164,92.7837677,3.141592654,180,0.20943951,6
1.65661E+12,47701.62988,0,0,1.77,1.166,94.21099091,3.141592654,180,0.20943951,6
1.65661E+12,47802.56006,0,0,1.773,1.168,95.24820709,3.141592654,180,0.20943951,6
1.65661E+12,47906.67993,0,0,1.773,1.168,96.21894836,3.141592654,180,0.20943951,6
1.65661E+12,48008.20996,0,0,1.777,1.17,97.0904541,3.141592654,180,0.20943951,6
1.65661E+12,48109.16992,0,0,1.78,1.17,97.59549713,3.141592654,180,0.20943951,6
1.65661E+12,48210.10986,0,0,1.78,1.17,98.00591278,3.141592654,180,0.20943951,6
1.65661E+12,48311.15991,0,0,1.781,1.169,98.30748749,3.141592654,180,0.20943951,6
1.65661E+12,48412.47998,0,0,1.782,1.167,98.40935516,3.141592654,180,0.20943951,6
1.65661E+12,48513.68994,0,0,1.782,1.167,98.68526459,3.141592654,180,0.20943951,6
1.65661E+12,48616.54004,0,0,1.781,1.163,98.8193512,3.141592654,180,0.20943951,6
1.65661E+12,48718.06006,0,0,1.781,1.163,99.08135986,3.141592654,180,0.20943951,6
1.65661E+12,48819.58008,0,0,1.78,1.158,99.43297577,3.141592654,180,0.20943951,6
1.65661E+12,48920.45996,0,0,1.78,1.153,100.4264908,3.141592654,180,0.20943951,6
1.65661E+12,49022.21997,0,0,1.78,1.153,101.2454758,3.141592654,180,0.20943951,6
1.65661E+12,49125.77002,0,0,1.78,1.148,102.1055984,3.141592654,180,0.20943951,6
1.65661E+12,49229.13989,0,0,1.78,1.144,104.0050278,3.141592654,180,0.20943951,6
1.65661E+12,49330.06006,0,0,1.78,1.144,105.2824707,3.141592654,180,0.20943951,6
1.65661E+12,49431.78003,0,0,1.782,1.141,106.3709869,3.141592654,180,0.20943951,6
1.65661E+12,49532.84985,0,0,1.783,1.141,107.9410858,3.141592654,180,0.20943951,6
1.65661E+12,49635.8999,0,0,1.783,1.141,109.5708542,3.141592654,180,0.20943951,6
1.65661E+12,49743.98999,0,0,1.786,1.142,110.9520111,3.141592654,180,0.20943951,6
1.65661E+12,49846.21997,0,0,1.786,1.142,112.065979,3.141592654,180,0.20943951,6
1.65661E+12,49947.70996,0,0,1.789,1.144,112.9719467,3.141592654,180,0.20943951,6
1.65661E+12,50049.6499,0,0,1.793,1.148,113.7144012,3.141592654,180,0.20943951,6
1.65661E+12,50150.60986,0,0,1.793,1.148,114.5352402,3.141592654,180,0.20943951,6
1.65661E+12,50252.51001,0,0,1.796,1.15,114.685173,3.141592654,180,0.20943951,6
1.65661E+12,50353.51001,0,0,1.798,1.151,114.7884293,3.141592654,180,0.20943951,6
1.65661E+12,50455.1499,0,0,1.798,1.151,114.6770935,3.141592654,180,0.20943951,6
1.65661E+12,50556.59985,0,0,1.799,1.151,114.6409454,3.141592654,180,0.20943951,6
1.65661E+12,50660.67993,0,0,1.798,1.149,114.4944077,3.141592654,180,0.20943951,6
1.65661E+12,50765.76001,0,0,1.798,1.149,114.6338348,3.141592654,180,0.20943951,6
1.65661E+12,50868.57007,0,0,1.797,1.145,114.9727936,3.141592654,180,0.20943951,6
1.65661E+12,50972.85986,0,0,1.796,1.143,115.7041397,3.141592654,180,0.20943951,6
1.65661E+12,51074.26001,0,0,1.795,1.142,116.4674606,3.141592654,180,0.20943951,6
1.65661E+12,51179.21997,0,0,1.795,1.138,117.2919464,3.141592654,180,0.20943951,6
1.65661E+12,51284.13989,0,0,1.795,1.138,118.3833237,3.141592654,180,0.20943951,6
1.65661E+12,51385.93994,0,0,1.796,1.135,119.6028061,3.141592654,180,0.20943951,6
1.65661E+12,51489.78003,0,0,1.798,1.132,120.7814941,3.141592654,180,0.20943951,6
1.65661E+12,51590.77002,0,0,1.798,1.132,121.7346039,3.141592654,180,0.20943951,6
1.65661E+12,51693.11987,0,0,1.801,1.13,122.9759445,3.141592654,180,0.20943951,6
1.65661E+12,51794.16992,0,0,1.803,1.129,124.354538,3.141592654,180,0.20943951,6
1.65661E+12,51899.83008,0,0,1.803,1.129,125.2510681,3.141592654,180,0.20943951,6
1.65661E+12,52002.21997,0,0,1.806,1.128,126.1352844,3.141592654,180,0.20943951,6
1.65661E+12,52105.65991,0,0,1.808,1.127,126.9137497,3.141592654,180,0.20943951,6
1.65661E+12,52207.96997,0,0,1.808,1.127,127.5722351,3.141592654,180,0.20943951,6
1.65661E+12,52313.93994,0,0,1.81,1.127,127.7697525,3.141592654,180,0.20943951,6
1.65661E+12,52415.61987,0,0,1.81,1.127,128.1131897,3.141592654,180,0.20943951,6
1.65661E+12,52519.16992,0,0,1.811,1.126,128.3267517,3.141592654,180,0.20943951,6
1.65661E+12,52622,0,0,1.811,1.126,128.502182,3.141592654,180,0.20943951,6
1.65661E+12,52723.84985,0,0,1.811,1.126,128.4561768,3.141592654,180,0.20943951,6
1.65661E+12,52826.11987,0,0,1.811,1.126,128.6690521,3.141592654,180,0.20943951,6
1.65661E+12,52928.98999,0,0,1.812,1.126,129.2402649,3.141592654,180,0.20943951,6
1.65661E+12,53030.09985,0,0,1.812,1.126,129.8262787,3.141592654,180,0.20943951,6
1.65661E+12,53134.86987,0,0,1.814,1.127,130.587677,3.141592654,180,0.20943951,6
1.65661E+12,53238.71997,0,0,1.817,1.129,131.0848541,3.141592654,180,0.20943951,6
1.65661E+12,53344.69995,0,0,1.817,1.129,132.4095001,3.141592654,180,0.20943951,6
1.65661E+12,53448.07007,0,0,1.819,1.131,133.8452759,3.141592654,180,0.20943951,6
1.65661E+12,53550.91992,0,0,1.821,1.132,134.9535065,3.141592654,180,0.20943951,6
1.65661E+12,53652.45996,0,0,1.821,1.132,136.2038116,3.141592654,180,0.20943951,6
1.65661E+12,53755.30005,0,0,1.821,1.132,137.3940582,3.141592654,180,0.20943951,6
1.65661E+12,53856.98999,0,0,1.82,1.131,138.5930328,3.141592654,180,0.20943951,6
1.65661E+12,53957.86987,0,0,1.82,1.131,139.8494263,3.141592654,180,0.20943951,6
1.65661E+12,54060.98999,0,0,1.819,1.128,140.4512177,3.141592654,180,0.20943951,6
1.65661E+12,54169.16992,0,0,1.819,1.128,141.3514862,3.141592654,180,0.20943951,6
1.65661E+12,54270.25,0,0,1.819,1.124,142.1135406,3.141592654,180,0.20943951,6
1.65661E+12,54373.54004,0,0,1.82,1.121,142.1015625,3.141592654,180,0.20943951,6
1.65661E+12,54474.91992,0,0,1.82,1.121,142.138382,3.141592654,180,0.20943951,6
1.65661E+12,54577.40991,0,0,1.822,1.119,142.0302582,3.141592654,180,0.20943951,6
1.65661E+12,54680.86987,0,0,1.824,1.12,142.0048218,3.141592654,180,0.20943951,6
1.65661E+12,54781.77002,0,0,1.824,1.12,141.9750061,3.141592654,180,0.20943951,6
1.65661E+12,54884.76001,0,0,1.827,1.122,142.1763611,3.141592654,180,0.20943951,6
1.65661E+12,54987.97998,0,0,1.829,1.124,142.4697418,3.141592654,180,0.20943951,6
1.65661E+12,55088.96997,0,0,1.829,1.124,143.2324219,3.141592654,180,0.20943951,6
1.65661E+12,55189.84985,0,0,1.831,1.124,143.7600403,3.141592654,180,0.20943951,6
1.65661E+12,55290.79004,0,0,1.831,1.124,144.6851196,3.141592654,180,0.20943951,6
1.65661E+12,55394.87988,0,0,1.832,1.124,145.7115936,3.141592654,180,0.20943951,6
1.65661E+12,55496.58008,0,0,1.833,1.123,146.9549561,3.141592654,180,0.20943951,6
1.65661E+12,55599.92993,0,0,1.833,1.123,147.7950134,3.141592654,180,0.20943951,6
1.65661E+12,55701.59985,0,0,1.835,1.124,148.9526978,3.141592654,180,0.20943951,6
1.65661E+12,55803.60986,0,0,1.837,1.126,150.3627472,3.141592654,180,0.20943951,6
1.65661E+12,55905.95996,0,0,1.837,1.126,151.4787445,3.141592654,180,0.20943951,6
1.65661E+12,56007.41992,0,0,1.838,1.129,151.89534,3.141592654,180,0.20943951,6
1.65661E+12,56114.66992,0,0,1.839,1.13,152.7835846,3.141592654,180,0.20943951,6
1.65661E+12,56215.91992,0,0,1.839,1.13,153.622757,3.141592654,180,0.20943951,6
1.65661E+12,56316.88989,0,0,1.838,1.129,153.9195251,3.141592654,180,0.20943951,6
1.65661E+12,56419.02002,0,0,1.838,1.129,154.1929321,3.141592654,180,0.20943951,6
1.65661E+12,56525.75,0,0,1.836,1.127,154.3478546,3.141592654,180,0.20943951,6
1.65661E+12,56629.19995,0,0,1.836,1.124,154.3205109,3.141592654,180,0.20943951,6
1.65661E+12,56730.66992,0,0,1.836,1.124,154.3484039,3.141592654,180,0.20943951,6
1.65661E+12,56831.70996,0,0,1.836,1.121,154.2819977,3.141592654,180,0.20943951,6
1.65661E+12,56934.66992,0,0,1.837,1.121,154.36763,3.141592654,180,0.20943951,6
1.65661E+12,57037.36987,0,0,1.837,1.121,154.9204102,3.141592654,180,0.20943951,6
1.65661E+12,57138.31006,0,0,1.84,1.123,155.7302704,3.141592654,180,0.20943951,6
1.65661E+12,57246.5,0,0,1.843,1.126,155.9947052,3.141592654,180,0.20943951,6
1.65661E+12,57350.17993,0,0,1.843,1.126,157.1055603,3.141592654,180,0.20943951,6
1.65661E+12,57452.72998,0,0,1.845,1.128,158.7774658,3.141592654,180,0.20943951,6
1.65661E+12,57553.84009,0,0,1.846,1.129,159.2575531,3.141592654,180,0.20943951,6
1.65661E+12,57659.3999,0,0,1.846,1.129,160.6946716,3.141592654,180,0.20943951,6
1.65661E+12,57763.90991,0,0,1.845,1.127,162.0819855,3.141592654,180,0.20943951,6
1.65661E+12,57869.6499,0,0,1.845,1.127,163.0806274,3.141592654,180,0.20943951,6
1.65661E+12,57971.13989,0,0,1.843,1.124,164.2430725,3.141592654,180,0.20943951,6
1.65661E+12,58072.09009,0,0,1.841,1.122,164.8217621,3.141592654,180,0.20943951,6
1.65661E+12,58174.42993,0,0,1.841,1.122,165.5707397,3.141592654,180,0.20943951,6
1.65661E+12,58278.71997,0,0,1.84,1.122,166.1699066,3.141592654,180,0.20943951,6
1.65661E+12,58379.86987,0,0,1.842,1.125,166.2036438,3.141592654,180,0.20943951,6
1.65661E+12,58483.29004,0,0,1.842,1.125,166.1764374,3.141592654,180,0.20943951,6
1.65661E+12,58586.07007,0,0,1.844,1.128,165.9524994,3.141592654,180,0.20943951,6
1.65661E+12,58687.54004,0,0,1.847,1.132,165.7673798,3.141592654,180,0.20943951,6
1.65661E+12,58789.33008,0,0,1.847,1.132,165.4828339,3.141592654,180,0.20943951,6
1.65661E+12,58892.09009,0,0,1.85,1.133,165.5546875,3.141592654,180,0.20943951,6
1.65661E+12,58993.30005,0,0,1.852,1.133,165.5283661,3.141592654,180,0.20943951,6
1.65661E+12,59094.77002,0,0,1.852,1.133,166.06604,3.141592654,180,0.20943951,6
1.65661E+12,59197.16992,0,0,1.853,1.132,166.8053284,3.141592654,180,0.20943951,6
1.65661E+12,59300.40991,0,0,1.853,1.132,167.2542725,3.141592654,180,0.20943951,6
1.65661E+12,59403.01001,0,0,1.855,1.13,168.4346619,3.141592654,180,0.20943951,6
1.65661E+12,59505.52002,0,0,1.856,1.129,168.9055176,3.141592654,180,0.20943951,6
1.65661E+12,59607.94995,0,0,1.856,1.129,170.1407318,3.141592654,180,0.20943951,6
1.65661E+12,59709.26001,0,0,1.857,1.129,171.1884766,3.141592654,180,0.20943951,6
1.65661E+12,59817.35986,0,0,1.857,1.131,172.4510193,3.141592654,180,0.20943951,6
1.65661E+12,59918.28003,0,0,1.857,1.131,173.5482025,3.141592654,180,0.20943951,6
1.65661E+12,60019.62988,0,0,1.857,1.134,174.458374,3.141592654,180,0.20943951,6
1.65661E+12,60120.78003,0,0,1.856,1.137,175.0045319,3.141592654,180,0.20943951,6
1.65661E+12,60223.65991,0,0,1.856,1.137,175.9159546,3.141592654,180,0.20943951,6
1.65661E+12,60325.1499,0,0,1.855,1.139,176.3036957,3.141592654,180,0.20943951,6
1.65661E+12,60426.6499,0,0,1.855,1.139,176.4146881,3.141592654,180,0.20943951,6
1.65661E+12,60528.19995,0,0,1.857,1.14,176.5521851,3.141592654,180,0.20943951,6
1.65661E+12,60629.1499,0,0,1.859,1.139,176.594223,3.141592654,180,0.20943951,6
1.65661E+12,60731.66992,0,0,1.859,1.139,176.6175537,3.141592654,180,0.20943951,6
1.65661E+12,60834.44995,0,0,1.862,1.138,176.5629272,3.141592654,180,0.20943951,6
1.65661E+12,60936.87988,0,0,1.864,1.137,176.5072021,3.141592654,180,0.20943951,6
1.65661E+12,61038.80005,0,0,1.864,1.137,176.4089966,3.141592654,180,0.20943951,6
1.65661E+12,61140.76001,0,0,1.864,1.137,177.073349,3.141592654,180,0.20943951,6
1.65661E+12,61241.63989,0,0,1.862,1.138,177.3415527,3.141592654,180,0.20943951,6
1.65661E+12,61345.45996,0,0,1.862,1.138,177.6948395,3.141592654,180,0.201163205,5.762901306
1.65661E+12,61446.36987,0,0,1.86,1.138,178.8010712,3.141592654,180,0.104626278,2.997322083
1.65661E+12,61547.85986,0,0,1.86,1.138,179.2704315,3.141592654,180,0.063666861,1.823921204
