1.65661E+12,0,0.361203755,1.443121616,0.06612748,-0.43333146,1.52,2.03,0.49,1.84,1.138,0.705,40.21065903,0.79453522,0.07430737
1.65661E+12,121.3200684,0.361203755,1.443121616,0.06612748,-0.43333146,1.52,2.03,0.49,1.84,1.138,0.705,40.15282822,0.79453522,0.07551478
1.65661E+12,233.1899414,0.361203755,1.443121616,0.06612748,-0.43333146,1.52,2.03,0.49,1.84,1.138,0.705,40.17229843,0.79453522,0.07502723
1.65661E+12,343.6599121,0.361203755,1.443121616,0.06612748,-0.43333146,1.52,2.03,0.49,1.84,1.138,0.705,40.18775558,0.79453522,0.07485246
1.65661E+12,462.119873,0.361203755,1.443121616,0.06612748,-0.43333146,1.52,2.03,0.49,1.84,1.138,0.705,40.15278625,0.79453522,0.07546279
1.65661E+12,579.1101074,0.361203755,1.443121616,0.06612748,-0.43333146,1.52,2.03,0.49,1.84,1.138,0.705,40.19958878,0.79453522,0.07464593
1.65661E+12,711.1298828,0.361203755,1.443121616,0.06589881,-0.43110712,1.52,2.03,0.49,1.84,1.14,0.704,41.20690155,0.79231087,0.05999535
1.65661E+12,831.3999023,0.361203755,1.443121616,0.06625221,-0.43017165,1.52,2.03,0.49,1.84,1.141,0.704,41.6533432,0.7913754,0.05243294
1.65661E+12,943.619873,0.361203755,1.443121616,0.06473467,-0.42852937,1.52,2.03,0.49,1.84,1.142,0.702,41.66201019,0.78973313,0.05297367
1.65661E+12,1051.26001,0.361203755,1.443121616,0.06473467,-0.42852937,1.52,2.03,0.49,1.84,1.142,0.702,41.4756813,0.78973313,0.057176
1.65661E+12,1162.840088,0.361203755,1.443121616,0.06473467,-0.42852937,1.52,2.03,0.49,1.84,1.142,0.702,41.239048,0.78973313,0.06099204
1.65661E+12,1276.070068,0.361203755,1.443121616,0.06438127,-0.42946484,1.52,2.03,0.49,1.84,1.141,0.702,41.10354996,0.7906686,0.06273545
1.65661E+12,1392.919922,0.361203755,1.443121616,0.06438127,-0.42946484,1.52,2.03,0.49,1.84,1.141,0.702,41.07855606,0.7906686,0.06311122
1.65661E+12,1505.629883,0.361203755,1.443121616,0.06496334,-0.43075372,1.52,2.03,0.49,1.84,1.14,0.703,40.93159866,0.79195747,0.06444769
1.65661E+12,1624.879883,0.361203755,1.443121616,0.06519201,-0.43297806,1.52,2.03,0.49,1.84,1.138,0.704,40.8248558,0.79418182,0.06401392
1.65661E+12,1742.709961,0.361203755,1.443121616,0.06635615,-0.43555581,1.52,2.03,0.49,1.84,1.136,0.706,40.71939087,0.79675956,0.06334932
1.65661E+12,1854.719971,0.361203755,1.443121616,0.06635615,-0.43555581,1.52,2.03,0.49,1.84,1.136,0.706,40.6291008,0.79675956,0.06492518
1.65661E+12,1974.709961,0.361203755,1.443121616,0.06916257,-0.43661601,1.52,2.03,0.49,1.84,1.136,0.709,41.18642807,0.79781976,0.05413779
1.65661E+12,2099.73999,0.361203755,1.443121616,0.07045144,-0.43603394,1.52,2.03,0.49,1.84,1.137,0.71,40.85657501,0.79723769,0.06047688
1.65661E+12,2221.77002,0.361203755,1.443121616,0.07045144,-0.43603394,1.52,2.03,0.49,1.84,1.137,0.71,41.1163559,0.79723769,0.05594285
1.65661E+12,2332.540039,0.361203755,1.443121616,0.07045144,-0.43603394,1.52,2.03,0.49,1.84,1.137,0.71,40.98529053,0.79723769,0.05618966
1.65661E+12,2447.98999,0.361203755,1.443121616,0.06986937,-0.43474506,1.52,2.03,0.49,1.84,1.138,0.709,40.69034195,0.79594882,0.06444902
1.65661E+12,2562.580078,0.361203755,1.443121616,0.06577408,-0.43426693,1.52,2.03,0.49,1.84,1.137,0.705,40.58241272,0.79547069,0.06702892
1.65661E+12,2673.419922,0.361203755,1.443121616,0.06577408,-0.43426693,1.52,2.03,0.49,1.84,1.137,0.705,40.4996109,0.79547069,0.06847408
1.65661E+12,2782.189941,0.361203755,1.443121616,0.06167879,-0.4337888,1.52,2.03,0.49,1.84,1.136,0.701,40.45586777,0.79499256,0.06975835
1.65661E+12,2896.860107,0.361203755,1.443121616,0.0575835,-0.43331067,1.52,2.03,0.49,1.84,1.135,0.697,40.58820724,0.79451443,0.06788404
1.65661E+12,3006.119873,0.361203755,1.443121616,0.0575835,-0.43331067,1.52,2.03,0.49,1.84,1.135,0.697,40.44987106,0.79451443,0.07029847
1.65661E+12,3128.560059,0.361203755,1.443121616,0.05629463,-0.43389275,1.52,2.03,0.49,1.84,1.134,0.696,40.74262619,0.7950965,0.06460685
1.65661E+12,3243.72998,0.361203755,1.443121616,0.05945445,-0.43401747,1.52,2.03,0.49,1.84,1.135,0.699,41.07354355,0.79522123,0.05952638
1.65661E+12,3360.860107,0.361203755,1.443121616,0.06612748,-0.43333146,1.52,2.03,0.49,1.84,1.138,0.705,41.20346832,0.79453522,0.05712492
1.65661E+12,3472.659912,0.361203755,1.443121616,0.06612748,-0.43333146,1.52,2.03,0.49,1.84,1.138,0.705,41.54471207,0.79453522,0.0511691
1.65661E+12,3583.75,0.361203755,1.443121616,0.07408939,-0.43206338,1.52,2.03,0.49,1.84,1.142,0.712,41.65427399,0.79326713,0.05052497
1.65661E+12,3699.26001,0.361203755,1.443121616,0.08298677,-0.43114869,1.52,2.03,0.49,1.84,1.146,0.72,41.88668823,0.79235245,0.04738326
1.65661E+12,3812,0.361203755,1.443121616,0.08298677,-0.43114869,1.52,2.03,0.49,1.84,1.151,0.727,42.01237106,0.79235245,0.04649589
1.65661E+12,3948.330078,0.361203755,1.443121616,0.09130208,-0.42894514,1.52,2.03,0.49,1.84,1.151,0.727,42.01362228,0.79014889,0.04737139
1.65661E+12,4070.629883,0.361203755,1.443121616,0.09739304,-0.42697025,1.52,2.03,0.49,1.84,1.155,0.732,42.12929916,0.78817401,0.04732734
1.65661E+12,4204.51001,0.361203755,1.443121616,0.10254853,-0.42464197,1.52,2.03,0.49,1.84,1.159,0.736,42.16022873,0.78584572,0.0491158
1.65661E+12,4329.179932,0.361203755,1.443121616,0.10863949,-0.42266708,1.52,2.03,0.49,1.84,1.163,0.741,42.00353622,0.78387084,0.05382549
1.65661E+12,4446.77002,0.361203755,1.443121616,0.10863949,-0.42266708,1.52,2.03,0.49,1.84,1.163,0.741,41.92671585,0.78387084,0.05516625
1.65661E+12,4559.699951,0.361203755,1.443121616,0.11308818,-0.42220974,1.52,2.03,0.49,1.84,1.165,0.745,41.91547775,0.78341349,0.05581974
1.65661E+12,4677.780029,0.361203755,1.443121616,0.11882574,-0.42117032,1.52,2.03,0.49,1.84,1.168,0.75,41.80434036,0.78237408,0.05879887
1.65661E+12,4789.449951,0.361203755,1.443121616,0.12256763,-0.42258393,1.52,2.03,0.49,1.84,1.168,0.754,42.05794907,0.78378768,0.05295896
1.65661E+12,4899.820068,0.361203755,1.443121616,0.12256763,-0.42258393,1.52,2.03,0.49,1.84,1.168,0.754,41.88043594,0.78378768,0.05605714
1.65661E+12,5010.389893,0.361203755,1.443121616,0.12630952,-0.42399753,1.52,2.03,0.49,1.84,1.168,0.758,42.02396774,0.78520128,0.05213844
1.65661E+12,5126.73999,0.361203755,1.443121616,0.12782706,-0.4256398,1.52,2.03,0.49,1.84,1.167,0.76,41.85863113,0.78684356,0.05338184
1.65661E+12,5236.119873,0.361203755,1.443121616,0.12782706,-0.4256398,1.52,2.03,0.49,1.84,1.167,0.76,41.71102524,0.78684356,0.05595804
1.65661E+12,5348.629883,0.361203755,1.443121616,0.12876254,-0.4259932,1.52,2.03,0.49,1.84,1.167,0.761,41.54733658,0.78719696,0.05846155
1.65661E+12,5459.51001,0.361203755,1.443121616,0.13005141,-0.42541113,1.52,2.03,0.49,1.84,1.168,0.762,41.49207687,0.78661489,0.06000808
1.65661E+12,5596.709961,0.361203755,1.443121616,0.13134028,-0.42482906,1.52,2.03,0.49,1.84,1.169,0.763,41.29781723,0.78603282,0.06398063
1.65661E+12,5708.909912,0.361203755,1.443121616,0.13134028,-0.42482906,1.52,2.03,0.49,1.84,1.169,0.763,40.73415375,0.78603282,0.07381841
1.65661E+12,5817.379883,0.361203755,1.443121616,0.13204708,-0.42295812,1.52,2.03,0.49,1.84,1.171,0.763,40.60521317,0.78416187,0.07793979
1.65661E+12,5926.23999,0.361203755,1.443121616,0.13275388,-0.42108717,1.52,2.03,0.49,1.84,1.173,0.763,40.54264832,0.78229093,0.0809027
1.65661E+12,6033.189941,0.361203755,1.443121616,0.13275388,-0.42108717,1.52,2.03,0.49,1.84,1.173,0.763,40.37268829,0.78229093,0.08386906
1.65661E+12,6142.439941,0.361203755,1.443121616,0.13404276,-0.4205051,1.52,2.03,0.49,1.84,1.174,0.764,40.48638153,0.78170886,0.08337122
1.65661E+12,6253.830078,0.361203755,1.443121616,0.1362671,-0.42027643,1.52,2.03,0.49,1.84,1.175,0.766,40.51023102,0.78148018,0.08227923
1.65661E+12,6365.469971,0.361203755,1.443121616,0.1362671,-0.42027643,1.52,2.03,0.49,1.84,1.175,0.766,40.24941635,0.78148018,0.0868313
1.65661E+12,6493.820068,0.361203755,1.443121616,0.14036239,-0.42075456,1.52,2.03,0.49,1.84,1.176,0.77,40.18115234,0.78195831,0.08754461
1.65661E+12,6606.070068,0.361203755,1.443121616,0.14632862,-0.42193949,1.52,2.03,0.49,1.84,1.177,0.776,39.9337883,0.78314325,0.09067699
1.65661E+12,6715.530029,0.361203755,1.443121616,0.1545192,-0.42289575,1.52,2.03,0.49,1.84,1.179,0.784,40.06469345,0.78409951,0.08743601
1.65661E+12,6831.530029,0.361203755,1.443121616,0.1545192,-0.42289575,1.52,2.03,0.49,1.84,1.179,0.784,40.23230362,0.78409951,0.08524715
1.65661E+12,6951.110107,0.361203755,1.443121616,0.16364525,-0.42420541,1.52,2.03,0.49,1.84,1.181,0.793,40.39785385,0.78540917,0.07986545
1.65661E+12,7066.439941,0.361203755,1.443121616,0.17499565,-0.4252864,1.52,2.03,0.49,1.84,1.184,0.804,40.28113937,0.78649016,0.08117032
1.65661E+12,7183.179932,0.361203755,1.443121616,0.17499565,-0.4252864,1.52,2.03,0.49,1.84,1.187,0.815,40.51013184,0.78649016,0.07727099
1.65661E+12,7305.080078,0.361203755,1.443121616,0.18634604,-0.42636739,1.52,2.03,0.49,1.84,1.187,0.815,40.88623428,0.78757115,0.0699066
1.65661E+12,7417.340088,0.361203755,1.443121616,0.19863191,-0.42780178,1.52,2.03,0.49,1.84,1.19,0.827,40.90281296,0.78900554,0.06790203
1.65661E+12,7531.350098,0.361203755,1.443121616,0.2096289,-0.42981824,1.52,2.03,0.49,1.84,1.192,0.838,41.18028259,0.791022,0.06104281
1.65661E+12,7641.879883,0.361203755,1.443121616,0.2096289,-0.42981824,1.52,2.03,0.49,1.84,1.192,0.838,41.43447495,0.791022,0.05660632
1.65661E+12,7754.320068,0.361203755,1.443121616,0.21910835,-0.43019243,1.52,2.03,0.49,1.84,1.195,0.847,41.59315491,0.79139619,0.05346264
1.65661E+12,7865.310059,0.361203755,1.443121616,0.22765233,-0.43021322,1.52,2.03,0.49,1.84,1.198,0.855,41.73833084,0.79141698,0.05090805
1.65661E+12,7980.830078,0.361203755,1.443121616,0.22765233,-0.43021322,1.52,2.03,0.49,1.84,1.201,0.859,41.92798615,0.79141698,0.04759794
1.65661E+12,8098.02002,0.361203755,1.443121616,0.23467877,-0.42859174,1.52,2.03,0.49,1.84,1.202,0.861,42.06808472,0.78979549,0.04677425
1.65661E+12,8220.830078,0.361203755,1.443121616,0.24322274,-0.42861253,1.52,2.03,0.49,1.84,1.205,0.869,42.35010147,0.78981628,0.04183134
1.65661E+12,8335.610107,0.361203755,1.443121616,0.25118465,-0.42734444,1.52,2.03,0.49,1.84,1.209,0.876,42.51261139,0.7885482,0.04026309
1.65661E+12,8447.72998,0.361203755,1.443121616,0.25118465,-0.42734444,1.52,2.03,0.49,1.84,1.209,0.876,42.27794647,0.7885482,0.04435876
1.65661E+12,8564.469971,0.361203755,1.443121616,0.25879316,-0.42701183,1.52,2.03,0.49,1.84,1.212,0.883,42.50039673,0.78821558,0.04080889
1.65661E+12,8674.439941,0.361203755,1.443121616,0.26511279,-0.42726129,1.52,2.03,0.49,1.84,1.214,0.889,42.5907402,0.78846504,0.03898264
1.65661E+12,8793.629883,0.361203755,1.443121616,0.26511279,-0.42726129,1.52,2.03,0.49,1.84,1.215,0.892,42.54542542,0.78846504,0.03977353
1.65661E+12,8911.149902,0.361203755,1.443121616,0.26827261,-0.42738602,1.52,2.03,0.49,1.84,1.215,0.892,42.45243454,0.78858977,0.0412718
1.65661E+12,9036.51001,0.361203755,1.443121616,0.2753822,-0.43969267,1.52,2.03,0.49,1.84,1.206,0.903,42.3915062,0.80089643,0.03002854
1.65661E+12,9145.199951,0.361203755,1.443121616,0.25999888,-0.41250162,1.52,2.03,0.49,1.84,1.226,0.879,42.83697128,0.77370537,0.04944476
1.65661E+12,9260.51001,0.361203755,1.443121616,0.25999888,-0.41250162,1.52,2.03,0.49,1.84,1.226,0.879,43.16511917,0.77370537,0.0437175
1.65661E+12,9373.969971,0.361203755,1.443121616,0.24810799,-0.3930438,1.52,2.03,0.49,1.84,1.24,0.861,43.33903885,0.75424755,0.06013985
1.65661E+12,9485.330078,0.361203755,1.443121616,0.24122707,-0.38296149,1.52,2.03,0.49,1.84,1.247,0.851,43.73813629,0.74416524,0.0632566
1.65661E+12,9596.280029,0.361203755,1.443121616,0.24006293,-0.38038374,1.52,2.03,0.49,1.84,1.249,0.849,43.76242828,0.7415875,0.06541037
1.65661E+12,9710.469971,0.361203755,1.443121616,0.24006293,-0.38038374,1.52,2.03,0.49,1.84,1.249,0.849,43.93797302,0.7415875,0.06234653
1.65661E+12,9820.139893,0.361203755,1.443121616,0.24297329,-0.3868281,1.52,2.03,0.49,1.84,1.244,0.854,44.16659546,0.74803186,0.05191196
1.65661E+12,9934.659912,0.361203755,1.443121616,0.25124702,-0.40171251,1.52,2.03,0.49,1.84,1.233,0.867,44.23121262,0.76291626,0.03589977
1.65661E+12,10043.84009,0.361203755,1.443121616,0.25124702,-0.40171251,1.52,2.03,0.49,1.84,1.233,0.867,44.62993622,0.76291626,0.02916404
1.65661E+12,10161.04004,0.361203755,1.443121616,0.26359525,-0.42561901,1.52,2.03,0.49,1.84,1.215,0.887,44.96583939,0.78682277,-0.00082839
1.65661E+12,10280.46997,0.361203755,1.443121616,0.25496812,-0.41167009,1.52,2.03,0.49,1.84,1.225,0.874,45.22771835,0.77287384,0.00854989
1.65661E+12,10402.51001,0.361203755,1.443121616,0.25438604,-0.41038121,1.52,2.03,0.49,1.84,1.226,0.873,45.32089233,0.77158497,0.00821257
1.65661E+12,10513.59009,0.361203755,1.443121616,0.25438604,-0.41038121,1.52,2.03,0.49,1.84,1.226,0.873,45.26715851,0.77158497,0.0091504
1.65661E+12,10631.98999,0.361203755,1.443121616,0.25696379,-0.40921707,1.52,2.03,0.49,1.84,1.228,0.875,45.10910034,0.77042083,0.01307318
1.65661E+12,10743.44995,0.361203755,1.443121616,0.26141248,-0.40875973,1.52,2.03,0.49,1.84,1.23,0.879,45.13470459,0.76996348,0.01308364
1.65661E+12,10880.09009,0.361203755,1.443121616,0.26995646,-0.40878052,1.52,2.03,0.49,1.84,1.233,0.887,44.73696899,0.76998427,0.02000465
1.65661E+12,10990.23999,0.361203755,1.443121616,0.26995646,-0.40878052,1.52,2.03,0.49,1.84,1.233,0.887,44.61508179,0.76998427,0.02213198
1.65661E+12,11107.61011,0.361203755,1.443121616,0.27978931,-0.40821923,1.52,2.03,0.49,1.84,1.237,0.896,44.50455475,0.76942299,0.02488252
1.65661E+12,11233.58008,0.361203755,1.443121616,0.29020423,-0.40894682,1.52,2.03,0.49,1.84,1.24,0.906,44.88415146,0.77015058,0.01839005
1.65661E+12,11351.41992,0.361203755,1.443121616,0.29020423,-0.40894682,1.52,2.03,0.49,1.84,1.24,0.906,44.99186325,0.77015058,0.01529652
1.65661E+12,11470.23999,0.361203755,1.443121616,0.30097255,-0.40873894,1.52,2.03,0.49,1.84,1.244,0.916,45.21514893,0.7699427,0.01170041
1.65661E+12,11583.08008,0.361203755,1.443121616,0.31045201,-0.40911313,1.52,2.03,0.49,1.84,1.247,0.925,45.25070572,0.77031688,0.01070564
1.65661E+12,11692.97998,0.361203755,1.443121616,0.31899598,-0.40913392,1.52,2.03,0.49,1.84,1.25,0.933,45.34874725,0.77033767,0.0089737
1.65661E+12,11803.30005,0.361203755,1.443121616,0.31899598,-0.40913392,1.52,2.03,0.49,1.84,1.25,0.933,45.22799301,0.77033767,0.01108126
1.65661E+12,11909.86011,0.361203755,1.443121616,0.32882884,-0.40857263,1.52,2.03,0.49,1.84,1.254,0.942,45.1564827,0.76977639,0.01289064
1.65661E+12,12024.78003,0.361203755,1.443121616,0.33901509,-0.40707588,1.52,2.03,0.49,1.84,1.259,0.951,44.9029808,0.76827963,0.01881183
1.65661E+12,12133.46997,0.361203755,1.443121616,0.33901509,-0.40707588,1.52,2.03,0.49,1.84,1.259,0.951,44.80699539,0.76827963,0.0204871
1.65661E+12,12245.77002,0.361203755,1.443121616,0.34884794,-0.4065146,1.52,2.03,0.49,1.84,1.263,0.96,44.60017014,0.76771835,0.02465816
1.65661E+12,12358.44995,0.361203755,1.443121616,0.35774532,-0.40559991,1.52,2.03,0.49,1.84,1.267,0.968,44.44065094,0.76680367,0.02835698
1.65661E+12,12467.08008,0.361203755,1.443121616,0.35774532,-0.40559991,1.52,2.03,0.49,1.84,1.267,0.968,44.25682449,0.76680367,0.03156536
1.65661E+12,12580.44995,0.361203755,1.443121616,0.36477175,-0.40397843,1.52,2.03,0.49,1.84,1.271,0.974,44.19562531,0.76518218,0.03425497
1.65661E+12,12692.96997,0.361203755,1.443121616,0.37015591,-0.40387449,1.52,2.03,0.49,1.84,1.273,0.979,44.04588318,0.76507824,0.0369724
1.65661E+12,12816.42993,0.361203755,1.443121616,0.37202686,-0.40458129,1.52,2.03,0.49,1.84,1.273,0.981,43.81850433,0.76578504,0.03920606
1.65661E+12,12937.04004,0.361203755,1.443121616,0.37202686,-0.40458129,1.52,2.03,0.49,1.84,1.273,0.981,43.81819916,0.76578504,0.04021547
1.65661E+12,13066.03003,0.361203755,1.443121616,0.37202686,-0.40458129,1.52,2.03,0.49,1.84,1.273,0.981,43.76658249,0.76578504,0.04114032
1.65661E+12,13181.20996,0.361203755,1.443121616,0.37296233,-0.40493469,1.52,2.03,0.49,1.84,1.273,0.982,43.73706818,0.76613844,0.04130204
1.65661E+12,13290.08008,0.361203755,1.443121616,0.37331573,-0.40399921,1.52,2.03,0.49,1.84,1.274,0.982,43.55981064,0.76520297,0.04533124
1.65661E+12,13403.23999,0.361203755,1.443121616,0.37331573,-0.40399921,1.52,2.03,0.49,1.84,1.274,0.982,43.40943527,0.76520297,0.04795578
1.65661E+12,13512.30005,0.361203755,1.443121616,0.37402253,-0.40212827,1.52,2.03,0.49,1.84,1.276,0.982,43.51003265,0.76333203,0.0472127
1.65661E+12,13627.97998,0.361203755,1.443121616,0.37414726,-0.39896845,1.52,2.03,0.49,1.84,1.279,0.981,43.29636765,0.76017221,0.05495995
1.65661E+12,13743.97998,0.361203755,1.443121616,0.37414726,-0.39896845,1.52,2.03,0.49,1.84,1.279,0.981,43.31380463,0.76017221,0.05465562
1.65661E+12,13855.80005,0.361203755,1.443121616,0.37427199,-0.39580864,1.52,2.03,0.49,1.84,1.282,0.98,42.7559166,0.75701239,0.06755242
1.65661E+12,13971.08008,0.361203755,1.443121616,0.37439672,-0.39264882,1.52,2.03,0.49,1.84,1.285,0.979,42.50138474,0.75385258,0.0750703
1.65661E+12,14082.21997,0.361203755,1.443121616,0.37439672,-0.39264882,1.52,2.03,0.49,1.84,1.285,0.979,42.50843811,0.75385258,0.07503155
1.65661E+12,14197.51001,0.361203755,1.443121616,0.37439672,-0.39264882,1.52,2.03,0.49,1.84,1.285,0.979,42.50843811,0.75385258,0.07503155
1.65661E+12,14315.97998,0.361203755,1.443121616,0.37439672,-0.39264882,1.52,2.03,0.49,1.84,1.285,0.979,42.50843811,0.75385258,0.07503155
1.65661E+12,14436.75,0.361203755,1.443121616,0.37439672,-0.39264882,1.52,2.03,0.49,1.84,1.285,0.979,42.50843811,0.75385258,0.07503155
1.65661E+12,14546.03003,0.361203755,1.443121616,0.37439672,-0.39264882,1.52,2.03,0.49,1.84,1.285,0.979,42.50843811,0.75385258,0.07503155
1.65661E+12,14653.65991,0.361203755,1.443121616,0.37439672,-0.39264882,1.52,2.03,0.49,1.84,1.285,0.979,42.50843811,0.75385258,0.07503155
1.65661E+12,14763.08008,0.361203755,1.443121616,0.37439672,-0.39264882,1.52,2.03,0.49,1.84,1.285,0.979,42.50843811,0.75385258,0.07503155
1.65661E+12,14874.51001,0.361203755,1.443121616,0.38140237,-0.39957131,1.52,2.03,0.49,1.84,1.281,0.988,42.50843811,0.76077507,0.06810905
1.65661E+12,14991.16992,0.361203755,1.443121616,0.38456218,-0.39969604,1.52,2.03,0.49,1.84,1.282,0.991,42.14332962,0.7608998,0.07435667
1.65661E+12,15105.11987,0.361203755,1.443121616,0.3884288,-0.39794983,1.52,2.03,0.49,1.84,1.285,0.994,41.81264114,0.75915358,0.08083758
1.65661E+12,15215.72998,0.361203755,1.443121616,0.39358429,-0.39562154,1.52,2.03,0.49,1.84,1.289,0.998,41.50025177,0.7568253,0.08855271
1.65661E+12,15323.83008,0.361203755,1.443121616,0.39358429,-0.39562154,1.52,2.03,0.49,1.84,1.289,0.998,41.38142014,0.7568253,0.091729
1.65661E+12,15437.07007,0.361203755,1.443121616,0.40061073,-0.39400006,1.52,2.03,0.49,1.84,1.293,1.004,41.21659088,0.75520381,0.09641012
1.65661E+12,15548.65991,0.361203755,1.443121616,0.40950811,-0.39308537,1.52,2.03,0.49,1.84,1.297,1.012,41.3758049,0.75428913,0.09436317
1.65661E+12,15665.41992,0.361203755,1.443121616,0.40950811,-0.39308537,1.52,2.03,0.49,1.84,1.297,1.012,41.08465958,0.75428913,0.09901272
1.65661E+12,15784.87988,0.361203755,1.443121616,0.41840549,-0.39217069,1.52,2.03,0.49,1.84,1.301,1.02,41.12160492,0.75337445,0.09997714
1.65661E+12,15916.47998,0.361203755,1.443121616,0.42694946,-0.39219148,1.52,2.03,0.49,1.84,1.304,1.028,41.0955925,0.75339523,0.1001477
1.65661E+12,16029.05005,0.361203755,1.443121616,0.43549344,-0.39221227,1.52,2.03,0.49,1.84,1.307,1.036,40.83652115,0.75341602,0.10464856
1.65661E+12,16140.05005,0.361203755,1.443121616,0.43549344,-0.39221227,1.52,2.03,0.49,1.84,1.307,1.036,40.92714691,0.75341602,0.10303115
1.65661E+12,16251.29004,0.361203755,1.443121616,0.44403742,-0.39223305,1.52,2.03,0.49,1.84,1.31,1.044,41.10938644,0.75343681,0.09986537
1.65661E+12,16364.96997,0.361203755,1.443121616,0.45164593,-0.39190044,1.52,2.03,0.49,1.84,1.313,1.051,41.22097778,0.7531042,0.09825035
1.65661E+12,16475.54004,0.361203755,1.443121616,0.45164593,-0.39190044,1.52,2.03,0.49,1.84,1.313,1.051,41.53607178,0.7531042,0.09275092
1.65661E+12,16584.13989,0.361203755,1.443121616,0.45831896,-0.39121443,1.52,2.03,0.49,1.84,1.316,1.057,41.65866852,0.75241819,0.09129721
1.65661E+12,16695.97998,0.361203755,1.443121616,0.46405652,-0.39017502,1.52,2.03,0.49,1.84,1.319,1.062,41.86771011,0.75137877,0.08868816
1.65661E+12,16805.78003,0.361203755,1.443121616,0.46405652,-0.39017502,1.52,2.03,0.49,1.84,1.319,1.062,42.21351624,0.75137877,0.08265271
1.65661E+12,16920.55005,0.361203755,1.443121616,0.47072956,-0.389489,1.52,2.03,0.49,1.84,1.322,1.068,42.53201675,0.75069276,0.07777984
1.65661E+12,17033.75,0.361203755,1.443121616,0.47682052,-0.38751412,1.52,2.03,0.49,1.84,1.326,1.073,42.6352005,0.74871787,0.07795383
1.65661E+12,17146.23999,0.361203755,1.443121616,0.48966767,-0.39878136,1.52,2.03,0.49,1.84,1.32,1.089,42.67198181,0.75998511,0.06604463
1.65661E+12,17256.59009,0.361203755,1.443121616,0.48966767,-0.39878136,1.52,2.03,0.49,1.84,1.32,1.089,42.66712189,0.75998511,0.06612945
1.65661E+12,17369.11987,0.361203755,1.443121616,0.47931511,-0.37242183,1.52,2.03,0.49,1.84,1.341,1.07,42.58068085,0.73362559,0.09399766
1.65661E+12,17482.07007,0.361203755,1.443121616,0.47174818,-0.35566649,1.52,2.03,0.49,1.84,1.354,1.057,42.58815002,0.71687025,0.11062264
1.65661E+12,17595.56006,0.361203755,1.443121616,0.47174818,-0.35566649,1.52,2.03,0.49,1.84,1.354,1.057,42.59871674,0.71687025,0.11043822
1.65661E+12,17713.81006,0.361203755,1.443121616,0.46673821,-0.34629098,1.52,2.03,0.49,1.84,1.361,1.049,42.65587234,0.70749474,0.11881617
1.65661E+12,17825.3999,0.361203755,1.443121616,0.46557407,-0.34371324,1.52,2.03,0.49,1.84,1.363,1.047,42.80231857,0.70491699,0.11883795
1.65661E+12,17935.18994,0.361203755,1.443121616,0.46790235,-0.34886873,1.52,2.03,0.49,1.84,1.359,1.051,42.91923904,0.71007248,0.11175713
1.65661E+12,18047.03003,0.361203755,1.443121616,0.46790235,-0.34886873,1.52,2.03,0.49,1.84,1.359,1.051,42.95966339,0.71007248,0.11093627
1.65661E+12,18160.75,0.361203755,1.443121616,0.47652948,-0.36281765,1.52,2.03,0.49,1.84,1.349,1.064,42.97951126,0.72402141,0.09664093
1.65661E+12,18273.44995,0.361203755,1.443121616,0.49051999,-0.38520662,1.52,2.03,0.49,1.84,1.333,1.085,42.78107071,0.74641038,0.07771541
1.65661E+12,18388.03003,0.361203755,1.443121616,0.49051999,-0.38520662,1.52,2.03,0.49,1.84,1.333,1.085,42.80731583,0.74641038,0.07725735
1.65661E+12,18504.55005,0.361203755,1.443121616,0.48434587,-0.37325337,1.52,2.03,0.49,1.84,1.342,1.075,42.42910385,0.73445712,0.09581165
1.65661E+12,18618.05005,0.361203755,1.443121616,0.48621682,-0.37396017,1.52,2.03,0.49,1.84,1.342,1.077,42.47286606,0.73516392,0.09434105
1.65661E+12,18737.84009,0.361203755,1.443121616,0.48738096,-0.37653791,1.52,2.03,0.49,1.84,1.34,1.079,42.36940002,0.73774167,0.09356913
1.65661E+12,18848.12988,0.361203755,1.443121616,0.48738096,-0.37653791,1.52,2.03,0.49,1.84,1.34,1.079,42.57552719,0.73774167,0.08997153
1.65661E+12,18961.19995,0.361203755,1.443121616,0.48760963,-0.37876226,1.52,2.03,0.49,1.84,1.338,1.08,42.30627441,0.73996601,0.09244653
1.65661E+12,19076.75,0.361203755,1.443121616,0.4878383,-0.3809866,1.52,2.03,0.49,1.84,1.336,1.081,42.67256546,0.74219036,0.08477542
1.65661E+12,19186.63989,0.361203755,1.443121616,0.4878383,-0.3809866,1.52,2.03,0.49,1.84,1.336,1.081,42.61154175,0.74219036,0.08489427
1.65661E+12,19299.29004,0.361203755,1.443121616,0.48760963,-0.37876226,1.52,2.03,0.49,1.84,1.338,1.08,42.33176804,0.73996601,0.09200158
1.65661E+12,19410.30005,0.361203755,1.443121616,0.48960531,-0.37630924,1.52,2.03,0.49,1.84,1.341,1.081,42.43016434,0.737513,0.09273726
1.65661E+12,19523.91992,0.361203755,1.443121616,0.48960531,-0.37630924,1.52,2.03,0.49,1.84,1.341,1.081,42.57043839,0.737513,0.09064222
1.65661E+12,19635.3501,0.361203755,1.443121616,0.49382532,-0.37362755,1.52,2.03,0.49,1.84,1.345,1.084,42.64271545,0.73483131,0.09170923
1.65661E+12,19754.16992,0.361203755,1.443121616,0.49968762,-0.36942832,1.52,2.03,0.49,1.84,1.351,1.088,42.61851883,0.73063208,0.09633077
1.65661E+12,19871.11011,0.361203755,1.443121616,0.50835632,-0.3662893,1.52,2.03,0.49,1.84,1.357,1.095,43.27185822,0.72749305,0.08806688
1.65661E+12,20001.86011,0.361203755,1.443121616,0.50835632,-0.3662893,1.52,2.03,0.49,1.84,1.357,1.095,43.60593414,0.72749305,0.08223615
1.65661E+12,20110.03003,0.361203755,1.443121616,0.51538276,-0.36466781,1.52,2.03,0.49,1.84,1.361,1.101,43.91130829,0.72587157,0.07852785
1.65661E+12,20222.90991,0.361203755,1.443121616,0.52276259,-0.36211085,1.52,2.03,0.49,1.84,1.366,1.107,44.12945557,0.72331461,0.07727742
1.65661E+12,20354.16992,0.361203755,1.443121616,0.52276259,-0.36211085,1.52,2.03,0.49,1.84,1.371,1.111,44.59592438,0.72331461,0.07021958
1.65661E+12,20484.36987,0.361203755,1.443121616,0.52827149,-0.3588471,1.52,2.03,0.49,1.84,1.371,1.111,44.78253555,0.72005085,0.06914278
1.65661E+12,20611.37988,0.361203755,1.443121616,0.5328449,-0.35522994,1.52,2.03,0.49,1.84,1.376,1.114,45.04241562,0.71643369,0.06822418
1.65661E+12,20734.47998,0.361203755,1.443121616,0.5383538,-0.35196618,1.52,2.03,0.49,1.84,1.381,1.118,45.13066483,0.71316993,0.0699477
1.65661E+12,20847.52002,0.361203755,1.443121616,0.54386269,-0.34870242,1.52,2.03,0.49,1.84,1.386,1.122,45.46041107,0.70990618,0.0674563
1.65661E+12,20957.26001,0.361203755,1.443121616,0.54386269,-0.34870242,1.52,2.03,0.49,1.84,1.386,1.122,45.52498627,0.70990618,0.0664911
1.65661E+12,21068.96997,0.361203755,1.443121616,0.55124252,-0.34614546,1.52,2.03,0.49,1.84,1.391,1.128,45.55778885,0.70734922,0.06831369
1.65661E+12,21177.51001,0.361203755,1.443121616,0.55826896,-0.34452398,1.52,2.03,0.49,1.84,1.395,1.134,45.53100586,0.70572773,0.07040263
1.65661E+12,21286.34009,0.361203755,1.443121616,0.55826896,-0.34452398,1.52,2.03,0.49,1.84,1.395,1.134,45.5907135,0.70572773,0.06936053
1.65661E+12,21398.59009,0.361203755,1.443121616,0.56400652,-0.34348456,1.52,2.03,0.49,1.84,1.398,1.139,45.77852631,0.70468832,0.067122
1.65661E+12,21509.6001,0.361203755,1.443121616,0.56845521,-0.34302722,1.52,2.03,0.49,1.84,1.4,1.143,45.95980072,0.70423098,0.0644155
1.65661E+12,21622.48999,0.361203755,1.443121616,0.57032615,-0.34373402,1.52,2.03,0.49,1.84,1.401,1.146,46.15536499,0.70493778,0.06029546
1.65661E+12,21736.8999,0.361203755,1.443121616,0.57161503,-0.34315195,1.52,2.03,0.49,1.84,1.401,1.146,46.53007507,0.70435571,0.05433761
1.65661E+12,21846.91992,0.361203755,1.443121616,0.57313257,-0.34479423,1.52,2.03,0.49,1.84,1.4,1.148,46.906353,0.70599798,0.04612805
1.65661E+12,21955.94995,0.361203755,1.443121616,0.57313257,-0.34479423,1.52,2.03,0.49,1.84,1.4,1.148,47.42893219,0.70599798,0.03700732
1.65661E+12,22071.02002,0.361203755,1.443121616,0.57313257,-0.34479423,1.52,2.03,0.49,1.84,1.4,1.148,47.9884758,0.70599798,0.02724144
1.65661E+12,22186.07007,0.361203755,1.443121616,0.5725505,-0.34350535,1.52,2.03,0.49,1.84,1.401,1.147,48.31773376,0.70470911,0.02278368
1.65661E+12,22301.5,0.361203755,1.443121616,0.57232183,-0.34128101,1.52,2.03,0.49,1.84,1.403,1.146,49.06890106,0.70248476,0.01189768
1.65661E+12,22429.02002,0.361203755,1.443121616,0.57232183,-0.34128101,1.52,2.03,0.49,1.84,1.405,1.144,49.49464417,0.70248476,0.00446706
1.65661E+12,22548.05005,0.361203755,1.443121616,0.57115768,-0.33870326,1.52,2.03,0.49,1.84,1.405,1.144,49.61362457,0.69990702,0.00496821
1.65661E+12,22667.34009,0.361203755,1.443121616,0.57244656,-0.33812119,1.52,2.03,0.49,1.84,1.406,1.145,49.71117401,0.69932495,0.00376576
1.65661E+12,22799.83008,0.361203755,1.443121616,0.57338203,-0.33847459,1.52,2.03,0.49,1.84,1.406,1.146,49.71257019,0.69967835,0.00346995
1.65661E+12,22911.40991,0.361203755,1.443121616,0.57618844,-0.33953479,1.52,2.03,0.49,1.84,1.406,1.149,49.81836319,0.70073855,0.00056331
1.65661E+12,23021.79004,0.361203755,1.443121616,0.57618844,-0.33953479,1.52,2.03,0.49,1.84,1.406,1.149,49.79545212,0.70073855,0.00096319
1.65661E+12,23131.8501,0.361203755,1.443121616,0.57712392,-0.33988819,1.52,2.03,0.49,1.84,1.406,1.15,49.92638397,0.70109195,-0.00147467
1.65661E+12,23248.36011,0.361203755,1.443121616,0.57805939,-0.34024159,1.52,2.03,0.49,1.84,1.406,1.151,50.04796982,0.70144535,-0.00415088
1.65661E+12,23357.05005,0.361203755,1.443121616,0.57805939,-0.34024159,1.52,2.03,0.49,1.84,1.406,1.151,50.36588669,0.70144535,-0.00969958
1.65661E+12,23467.19995,0.361203755,1.443121616,0.57747732,-0.33895272,1.52,2.03,0.49,1.84,1.407,1.15,50.6294136,0.70015648,-0.01257815
1.65661E+12,23587.95996,0.361203755,1.443121616,0.57724865,-0.33672838,1.52,2.03,0.49,1.84,1.409,1.149,51.09191513,0.69793213,-0.01885795
1.65661E+12,23700.80005,0.361203755,1.443121616,0.57724865,-0.33672838,1.52,2.03,0.49,1.84,1.413,1.149,51.3829155,0.69793213,-0.02393686
1.65661E+12,23816.37988,0.361203755,1.443121616,0.57866225,-0.33298649,1.52,2.03,0.49,1.84,1.413,1.149,51.63074875,0.69419024,-0.02452048
1.65661E+12,23940.31006,0.361203755,1.443121616,0.58159339,-0.33088687,1.52,2.03,0.49,1.84,1.416,1.151,51.62329483,0.69209063,-0.02229077
1.65661E+12,24057.59009,0.361203755,1.443121616,0.58674889,-0.32855859,1.52,2.03,0.49,1.84,1.42,1.155,51.74351501,0.68976234,-0.02206072
1.65661E+12,24181.66992,0.361203755,1.443121616,0.58674889,-0.32855859,1.52,2.03,0.49,1.84,1.42,1.155,51.80496597,0.68976234,-0.02313324
1.65661E+12,24298.18994,0.361203755,1.443121616,0.59342192,-0.32787257,1.52,2.03,0.49,1.84,1.423,1.161,51.84083939,0.68907633,-0.02324298
1.65661E+12,24409.12988,0.361203755,1.443121616,0.60103043,-0.32753996,1.52,2.03,0.49,1.84,1.426,1.168,51.91290283,0.68874372,-0.02399847
1.65661E+12,24529.11011,0.361203755,1.443121616,0.60793213,-0.32907829,1.52,2.03,0.49,1.84,1.427,1.175,52.10626221,0.69028205,-0.02891156
1.65661E+12,24637.29004,0.361203755,1.443121616,0.60793213,-0.32907829,1.52,2.03,0.49,1.84,1.427,1.175,52.37766266,0.69028205,-0.03364839
1.65661E+12,24745.29004,0.361203755,1.443121616,0.61518724,-0.32968115,1.52,2.03,0.49,1.84,1.429,1.182,52.46718216,0.69088491,-0.03581366
1.65661E+12,24857.32007,0.361203755,1.443121616,0.62279574,-0.32934854,1.52,2.03,0.49,1.84,1.432,1.189,52.63379288,0.6905523,-0.03838895
1.65661E+12,24964.67993,0.361203755,1.443121616,0.62279574,-0.32934854,1.52,2.03,0.49,1.84,1.432,1.189,52.80812454,0.6905523,-0.04143162
1.65661E+12,25076.23999,0.361203755,1.443121616,0.63040425,-0.32901593,1.52,2.03,0.49,1.84,1.435,1.196,52.85031891,0.69021968,-0.04183543
1.65661E+12,25182.75,0.361203755,1.443121616,0.63930163,-0.32810125,1.52,2.03,0.49,1.84,1.439,1.204,52.91303635,0.689305,-0.04201538
1.65661E+12,25293.02002,0.361203755,1.443121616,0.63930163,-0.32810125,1.52,2.03,0.49,1.84,1.439,1.204,53.04416275,0.689305,-0.04430396
1.65661E+12,25405.5,0.361203755,1.443121616,0.65027783,-0.33866169,1.52,2.03,0.49,1.84,1.433,1.218,53.21051407,0.69986544,-0.05738748
1.65661E+12,25520.56006,0.361203755,1.443121616,0.64882266,-0.31138748,1.52,2.03,0.49,1.84,1.458,1.207,53.45259094,0.67259123,-0.03471861
1.65661E+12,25635.11987,0.361203755,1.443121616,0.64651516,-0.29768801,1.52,2.03,0.49,1.84,1.476,1.2,53.78422546,0.65889176,-0.02680726
1.65661E+12,25752.52002,0.361203755,1.443121616,0.64863556,-0.29207518,1.52,2.03,0.49,1.84,1.476,1.2,54.03746033,0.65327893,-0.02561421
1.65661E+12,25863.69995,0.361203755,1.443121616,0.65065202,-0.28107818,1.52,2.03,0.49,1.84,1.487,1.198,54.33736038,0.64228194,-0.01985146
1.65661E+12,25980.17993,0.361203755,1.443121616,0.6522943,-0.27956064,1.52,2.03,0.49,1.84,1.489,1.199,54.55968857,0.64076439,-0.02221427
1.65661E+12,26093.08008,0.361203755,1.443121616,0.6522943,-0.27956064,1.52,2.03,0.49,1.84,1.489,1.199,54.95834351,0.64076439,-0.02917211
1.65661E+12,26203.44995,0.361203755,1.443121616,0.6570756,-0.2867118,1.52,2.03,0.49,1.84,1.484,1.206,55.22088242,0.64791556,-0.04045324
1.65661E+12,26312.56006,0.361203755,1.443121616,0.66277158,-0.30276035,1.52,2.03,0.49,1.84,1.471,1.217,55.48881149,0.6639641,-0.06094354
1.65661E+12,26425.72998,0.361203755,1.443121616,0.66277158,-0.30276035,1.52,2.03,0.49,1.84,1.471,1.217,55.521595,0.6639641,-0.06220241
1.65661E+12,26536.01001,0.361203755,1.443121616,0.67183527,-0.32970194,1.52,2.03,0.49,1.84,1.449,1.235,55.84407043,0.6909057,-0.09477227
1.65661E+12,26642.86987,0.361203755,1.443121616,0.6675321,-0.31845549,1.52,2.03,0.49,1.84,1.458,1.227,55.92360306,0.67965924,-0.08491392
1.65661E+12,26751.06006,0.361203755,1.443121616,0.6668253,-0.32032643,1.52,2.03,0.49,1.84,1.455,1.227,56.03946304,0.68153019,-0.088807
1.65661E+12,26872.68994,0.361203755,1.443121616,0.6664719,-0.32126191,1.52,2.03,0.49,1.84,1.455,1.227,56.03208542,0.68246566,-0.08961371
1.65661E+12,26986.61987,0.361203755,1.443121616,0.66447622,-0.32371492,1.52,2.03,0.49,1.84,1.452,1.226,56.17262268,0.68491868,-0.09451956
1.65661E+12,27108.62988,0.361203755,1.443121616,0.66283395,-0.32523246,1.52,2.03,0.49,1.84,1.45,1.225,56.08787537,0.68643622,-0.09467317
1.65661E+12,27237.84009,0.361203755,1.443121616,0.6606096,-0.32546114,1.52,2.03,0.49,1.84,1.449,1.223,56.16044617,0.68666489,-0.09605326
1.65661E+12,27358.38989,0.361203755,1.443121616,0.6606096,-0.32546114,1.52,2.03,0.49,1.84,1.449,1.223,56.34213257,0.68666489,-0.09841815
1.65661E+12,27469.96997,0.361203755,1.443121616,0.66002753,-0.32417226,1.52,2.03,0.49,1.84,1.45,1.222,56.4208374,0.68537602,-0.09930907
1.65661E+12,27589.43994,0.361203755,1.443121616,0.65944546,-0.32288339,1.52,2.03,0.49,1.84,1.451,1.221,56.41508865,0.68408715,-0.09791986
1.65661E+12,27707.31006,0.361203755,1.443121616,0.65944546,-0.32288339,1.52,2.03,0.49,1.84,1.451,1.221,56.52511215,0.68408715,-0.09984014
1.65661E+12,27814.20996,0.361203755,1.443121616,0.66202321,-0.32171925,1.52,2.03,0.49,1.84,1.453,1.223,56.1733284,0.682923,-0.09253621
1.65661E+12,27925.70996,0.361203755,1.443121616,0.66588982,-0.31997303,1.52,2.03,0.49,1.84,1.456,1.226,56.04371262,0.68117679,-0.08894249
1.65661E+12,28046.63989,0.361203755,1.443121616,0.67127399,-0.31986909,1.52,2.03,0.49,1.84,1.458,1.231,55.93613815,0.68107285,-0.0865463
1.65661E+12,28157.51001,0.361203755,1.443121616,0.67127399,-0.31986909,1.52,2.03,0.49,1.84,1.458,1.231,55.92848969,0.68107285,-0.08765591
1.65661E+12,28330.6499,0.361203755,1.443121616,0.67607608,-0.31847628,1.52,2.03,0.49,1.84,1.461,1.235,55.80278778,0.67968003,-0.08282608
1.65661E+12,28444.75,0.361203755,1.443121616,0.68181364,-0.31743686,1.52,2.03,0.49,1.84,1.464,1.24,55.78302383,0.67864062,-0.08144173
1.65661E+12,28556.16992,0.361203755,1.443121616,0.68884007,-0.31581538,1.52,2.03,0.49,1.84,1.468,1.246,55.64743042,0.67701913,-0.07745369
1.65661E+12,28669.83008,0.361203755,1.443121616,0.68884007,-0.31581538,1.52,2.03,0.49,1.84,1.47,1.248,55.71834564,0.67701913,-0.07869139
1.65661E+12,28787.57007,0.361203755,1.443121616,0.69586651,-0.31419389,1.52,2.03,0.49,1.84,1.472,1.252,55.61045456,0.67539765,-0.07518685
1.65661E+12,28902.11011,0.361203755,1.443121616,0.70511729,-0.31234374,1.52,2.03,0.49,1.84,1.477,1.26,55.84901047,0.67354749,-0.07750028
1.65661E+12,29026.59009,0.361203755,1.443121616,0.713786,-0.30920471,1.52,2.03,0.49,1.84,1.483,1.267,55.59735107,0.67040846,-0.06998988
1.65661E+12,29140.44995,0.361203755,1.443121616,0.713786,-0.30920471,1.52,2.03,0.49,1.84,1.483,1.267,55.65877914,0.67040846,-0.07104109
1.65661E+12,29248.47998,0.361203755,1.443121616,0.72268337,-0.30829003,1.52,2.03,0.49,1.84,1.487,1.275,55.79868698,0.66949378,-0.07256826
1.65661E+12,29362.07007,0.361203755,1.443121616,0.73029188,-0.30795741,1.52,2.03,0.49,1.84,1.49,1.282,55.95195389,0.66916117,-0.07491066
1.65661E+12,29472.54004,0.361203755,1.443121616,0.73029188,-0.30795741,1.52,2.03,0.49,1.84,1.49,1.282,56.1186142,0.66916117,-0.07781943
1.65661E+12,29590.87988,0.361203755,1.443121616,0.73602944,-0.306918,1.52,2.03,0.49,1.84,1.493,1.287,56.25626755,0.66812176,-0.07918252
1.65661E+12,29706,0.361203755,1.443121616,0.7410602,-0.30774953,1.52,2.03,0.49,1.84,1.494,1.292,56.4626503,0.66895329,-0.08361611
1.65661E+12,29825.41992,0.361203755,1.443121616,0.74386662,-0.30880973,1.52,2.03,0.49,1.84,1.494,1.295,56.78438568,0.67001349,-0.09029165
1.65661E+12,29948.57007,0.361203755,1.443121616,0.74386662,-0.30880973,1.52,2.03,0.49,1.84,1.494,1.295,57.02957535,0.67001349,-0.09457102
1.65661E+12,30074.17993,0.361203755,1.443121616,0.74702644,-0.30893446,1.52,2.03,0.49,1.84,1.495,1.298,57.24664688,0.67013822,-0.09848436
1.65661E+12,30183.82007,0.361203755,1.443121616,0.75018625,-0.30905919,1.52,2.03,0.49,1.84,1.496,1.301,57.60732269,0.67026295,-0.10490407
1.65661E+12,30305.15991,0.361203755,1.443121616,0.75334607,-0.30918392,1.52,2.03,0.49,1.84,1.497,1.304,58.14841843,0.67038768,-0.11447271
1.65661E+12,30427.36011,0.361203755,1.443121616,0.75334607,-0.30918392,1.52,2.03,0.49,1.84,1.497,1.304,58.5075264,0.67038768,-0.11937852
1.65661E+12,30550.79004,0.361203755,1.443121616,0.75557042,-0.30895525,1.52,2.03,0.49,1.84,1.498,1.306,59.03468704,0.67015901,-0.12963577
1.65661E+12,30673.67993,0.361203755,1.443121616,0.75779476,-0.30872658,1.52,2.03,0.49,1.84,1.499,1.308,58.9907074,0.66993033,-0.12846048
1.65661E+12,30810.66992,0.361203755,1.443121616,0.76037251,-0.30756244,1.52,2.03,0.49,1.84,1.501,1.31,59.35452271,0.66876619,-0.1331501
1.65661E+12,30925.93994,0.361203755,1.443121616,0.76166138,-0.30698036,1.52,2.03,0.49,1.84,1.503,1.311,59.41450119,0.66818412,-0.13436646
1.65661E+12,31037.23999,0.361203755,1.443121616,0.76201478,-0.30604489,1.52,2.03,0.49,1.84,1.503,1.311,59.45248413,0.66724865,-0.13409392
1.65661E+12,31155.1001,0.361203755,1.443121616,0.76272158,-0.30417395,1.52,2.03,0.49,1.84,1.505,1.311,59.60424042,0.6653777,-0.13487162
1.65661E+12,31267.12988,0.361203755,1.443121616,0.76249291,-0.3019496,1.52,2.03,0.49,1.84,1.507,1.31,59.30376816,0.66315336,-0.12884481
1.65661E+12,31409.86987,0.361203755,1.443121616,0.76191084,-0.30066073,1.52,2.03,0.49,1.84,1.508,1.309,59.13024139,0.66186449,-0.12308556
1.65661E+12,31521.42993,0.361203755,1.443121616,0.76191084,-0.30066073,1.52,2.03,0.49,1.84,1.508,1.309,58.77961349,0.66186449,-0.11696595
1.65661E+12,31639,0.361203755,1.443121616,0.76448858,-0.29949659,1.52,2.03,0.49,1.84,1.51,1.311,58.42357635,0.66070034,-0.10958778
1.65661E+12,31755.83008,0.361203755,1.443121616,0.76542406,-0.29984999,1.52,2.03,0.49,1.84,1.51,1.312,58.25815964,0.66105374,-0.10705412
1.65661E+12,31868.69995,0.361203755,1.443121616,0.76542406,-0.29984999,1.52,2.03,0.49,1.84,1.51,1.312,58.34851074,0.66105374,-0.10863104
1.65661E+12,31993.98999,0.361203755,1.443121616,0.76155744,-0.3015962,1.52,2.03,0.49,1.84,1.507,1.309,58.32417297,0.66279996,-0.10995248
1.65661E+12,32104.20996,0.361203755,1.443121616,0.7541776,-0.30415316,1.52,2.03,0.49,1.84,1.502,1.303,58.45527267,0.66535692,-0.11479756
1.65661E+12,32226.3501,0.361203755,1.443121616,0.74550889,-0.30729219,1.52,2.03,0.49,1.84,1.496,1.296,58.66225052,0.66849594,-0.12154904
1.65661E+12,32343.12988,0.361203755,1.443121616,0.74550889,-0.30729219,1.52,2.03,0.49,1.84,1.496,1.296,58.90869141,0.66849594,-0.12585024
1.65661E+12,32456.53003,0.361203755,1.443121616,0.73941793,-0.30926707,1.52,2.03,0.49,1.84,1.492,1.291,59.20597458,0.67047083,-0.1330137
1.65661E+12,32572.19995,0.361203755,1.443121616,0.73812906,-0.30984915,1.52,2.03,0.49,1.84,1.491,1.29,59.40702057,0.6710529,-0.13710468
1.65661E+12,32683.52002,0.361203755,1.443121616,0.73812906,-0.30984915,1.52,2.03,0.49,1.84,1.495,1.297,59.54307556,0.6710529,-0.13975433
1.65661E+12,32809.38989,0.361203755,1.443121616,0.74609097,-0.30858106,1.52,2.03,0.49,1.84,1.495,1.297,59.57430267,0.66978482,-0.13831913
1.65661E+12,32935.87988,0.361203755,1.443121616,0.76049724,-0.30440262,1.52,2.03,0.49,1.84,1.504,1.309,59.54441452,0.66560637,-0.13381059
1.65661E+12,33049.93994,0.361203755,1.443121616,0.77712785,-0.29999551,1.52,2.03,0.49,1.84,1.514,1.323,59.56376266,0.66119926,-0.13033918
1.65661E+12,33192.62988,0.361203755,1.443121616,0.79340507,-0.29652387,1.52,2.03,0.49,1.84,1.523,1.337,59.3547821,0.65772762,-0.12286767
1.65661E+12,33308.27002,0.361203755,1.443121616,0.79340507,-0.29652387,1.52,2.03,0.49,1.84,1.523,1.337,59.21450806,0.65772762,-0.12041942
1.65661E+12,33418.88989,0.361203755,1.443121616,0.80874681,-0.29269882,1.52,2.03,0.49,1.84,1.532,1.35,58.89045715,0.65390258,-0.11093863
1.65661E+12,33539.36987,0.361203755,1.443121616,0.82955586,-0.30269798,1.52,2.03,0.49,1.84,1.53,1.373,58.37488556,0.66390174,-0.11254803
1.65661E+12,33677.66992,0.361203755,1.443121616,0.8312605,-0.2755485,1.52,2.03,0.49,1.84,1.556,1.365,58.01323318,0.63675226,-0.07847786
1.65661E+12,33810.75,0.361203755,1.443121616,0.8312605,-0.2755485,1.52,2.03,0.49,1.84,1.576,1.363,57.86103821,0.63675226,-0.07582156
1.65661E+12,33921.38989,0.361203755,1.443121616,0.83645757,-0.25613226,1.52,2.03,0.49,1.84,1.576,1.363,57.61010742,0.61733601,-0.05202574
1.65661E+12,34029.88989,0.361203755,1.443121616,0.84514707,-0.24444925,1.52,2.03,0.49,1.84,1.59,1.367,57.35145187,0.60565301,-0.03619227
1.65661E+12,34149.68994,0.361203755,1.443121616,0.85568672,-0.24201702,1.52,2.03,0.49,1.84,1.596,1.376,57.27361298,0.60322078,-0.03203757
1.65661E+12,34270.53003,0.361203755,1.443121616,0.85568672,-0.24201702,1.52,2.03,0.49,1.84,1.596,1.376,57.09536743,0.60322078,-0.0289266
1.65661E+12,34397.26001,0.361203755,1.443121616,0.86842993,-0.2479001,1.52,2.03,0.49,1.84,1.595,1.39,56.86415863,0.60910386,-0.03117334
1.65661E+12,34535.83008,0.361203755,1.443121616,0.88208782,-0.26268056,1.52,2.03,0.49,1.84,1.586,1.408,56.5072937,0.62388432,-0.03932632
1.65661E+12,34665.90991,0.361203755,1.443121616,0.89537152,-0.28694047,1.52,2.03,0.49,1.84,1.568,1.429,56.05184174,0.64814423,-0.05563709
1.65661E+12,34783.98999,0.361203755,1.443121616,0.88919741,-0.27498722,1.52,2.03,0.49,1.84,1.577,1.419,55.78029633,0.63619097,-0.03894448
1.65661E+12,34905.59009,0.361203755,1.443121616,0.88919741,-0.27498722,1.52,2.03,0.49,1.84,1.577,1.419,55.3640976,0.63619097,-0.03168044
1.65661E+12,35021.63989,0.361203755,1.443121616,0.88533079,-0.27673343,1.52,2.03,0.49,1.84,1.574,1.416,55.31816483,0.63793719,-0.03262497
1.65661E+12,35144.91992,0.361203755,1.443121616,0.8801753,-0.27906172,1.52,2.03,0.49,1.84,1.57,1.412,54.9396019,0.64026548,-0.02834609
1.65661E+12,35256.55005,0.361203755,1.443121616,0.87408434,-0.28103661,1.52,2.03,0.49,1.84,1.566,1.407,54.9187851,0.64224036,-0.02995766
1.65661E+12,35366.86011,0.361203755,1.443121616,0.87408434,-0.28103661,1.52,2.03,0.49,1.84,1.566,1.407,54.57247543,0.64224036,-0.02391341
1.65661E+12,35480.52002,0.361203755,1.443121616,0.86928225,-0.28242942,1.52,2.03,0.49,1.84,1.563,1.403,54.70287323,0.64363317,-0.0275821
1.65661E+12,35590.11987,0.361203755,1.443121616,0.86576903,-0.28324016,1.52,2.03,0.49,1.84,1.561,1.4,54.69675827,0.64444392,-0.02828611
1.65661E+12,35710.61011,0.361203755,1.443121616,0.86576903,-0.28324016,1.52,2.03,0.49,1.84,1.561,1.4,54.65668869,0.64444392,-0.02758677
1.65661E+12,35838.93994,0.361203755,1.443121616,0.86225581,-0.2840509,1.52,2.03,0.49,1.84,1.559,1.397,55.07927322,0.64525466,-0.035773
1.65661E+12,35950.32007,0.361203755,1.443121616,0.86038487,-0.2833441,1.52,2.03,0.49,1.84,1.559,1.395,55.25189209,0.64454786,-0.03807897
1.65661E+12,36076.56006,0.361203755,1.443121616,0.85816052,-0.28357277,1.52,2.03,0.49,1.84,1.558,1.393,55.49477005,0.64477653,-0.04254666
1.65661E+12,36190.69995,0.361203755,1.443121616,0.85816052,-0.28357277,1.52,2.03,0.49,1.84,1.558,1.393,55.68270111,0.64477653,-0.04434669
1.65661E+12,36308.03003,0.361203755,1.443121616,0.85722505,-0.28321937,1.52,2.03,0.49,1.84,1.558,1.392,55.78842163,0.64442313,-0.04720533
1.65661E+12,36429.69995,0.361203755,1.443121616,0.85886732,-0.28170183,1.52,2.03,0.49,1.84,1.56,1.393,55.4223671,0.64290559,-0.03941204
1.65661E+12,36541.8999,0.361203755,1.443121616,0.86273394,-0.27995562,1.52,2.03,0.49,1.84,1.563,1.396,55.40899277,0.64115937,-0.0374324
1.65661E+12,36654.6499,0.361203755,1.443121616,0.86273394,-0.27995562,1.52,2.03,0.49,1.84,1.563,1.396,54.97700882,0.64115937,-0.02989286
1.65661E+12,36771.53003,0.361203755,1.443121616,0.86976038,-0.27833413,1.52,2.03,0.49,1.84,1.567,1.402,54.60777283,0.63953789,-0.02182699
1.65661E+12,36884.20996,0.361203755,1.443121616,0.87772228,-0.27706605,1.52,2.03,0.49,1.84,1.571,1.409,54.30828094,0.6382698,-0.01644532
1.65661E+12,36998.17993,0.361203755,1.443121616,0.87772228,-0.27706605,1.52,2.03,0.49,1.84,1.571,1.409,54.13828659,0.6382698,-0.01236483
1.65661E+12,37124.71997,0.361203755,1.443121616,0.88755513,-0.27650476,1.52,2.03,0.49,1.84,1.575,1.418,54.06562042,0.63770852,-0.01053528
1.65661E+12,37236.93994,0.361203755,1.443121616,0.89867686,-0.27536141,1.52,2.03,0.49,1.84,1.58,1.428,53.82156754,0.63656516,-0.0051324
1.65661E+12,37363.63989,0.361203755,1.443121616,0.90979858,-0.27421805,1.52,2.03,0.49,1.84,1.585,1.438,53.50248337,0.63542181,0.00158003
1.65661E+12,37503,0.361203755,1.443121616,0.9133118,-0.27340731,1.52,2.03,0.49,1.84,1.59,1.448,53.18318176,0.63461107,0.00619176
1.65661E+12,37624.27002,0.361203755,1.443121616,0.92092031,-0.2730747,1.52,2.03,0.49,1.84,1.59,1.448,53.01527023,0.63427845,0.01122685
1.65661E+12,37746.62988,0.361203755,1.443121616,0.9326241,-0.27322022,1.52,2.03,0.49,1.84,1.594,1.459,52.81390762,0.63442397,0.01459578
1.65661E+12,37861.56006,0.361203755,1.443121616,0.94374582,-0.27207686,1.52,2.03,0.49,1.84,1.599,1.469,52.57061005,0.63328062,0.01998547
1.65661E+12,37972.71997,0.361203755,1.443121616,0.94374582,-0.27207686,1.52,2.03,0.49,1.84,1.599,1.469,52.37398529,0.63328062,0.02341722
1.65661E+12,38098.47998,0.361203755,1.443121616,0.95428548,-0.26964463,1.52,2.03,0.49,1.84,1.605,1.478,52.20298386,0.63084839,0.02856734
1.65661E+12,38211.3501,0.361203755,1.443121616,0.96295418,-0.26650561,1.52,2.03,0.49,1.84,1.611,1.485,52.01736832,0.62770936,0.03521262
1.65661E+12,38332.93994,0.361203755,1.443121616,0.97068742,-0.26301318,1.52,2.03,0.49,1.84,1.617,1.491,51.82177734,0.62421693,0.04211876
1.65661E+12,38445.1001,0.361203755,1.443121616,0.97068742,-0.26301318,1.52,2.03,0.49,1.84,1.617,1.491,51.60718536,0.62421693,0.04586409
1.65661E+12,38561.65991,0.361203755,1.443121616,0.97654971,-0.25881395,1.52,2.03,0.49,1.84,1.623,1.495,51.15271378,0.6200177,0.05799535
1.65661E+12,38678.04004,0.361203755,1.443121616,0.97948086,-0.25671433,1.52,2.03,0.49,1.84,1.626,1.497,50.83166122,0.61791809,0.06569839
1.65661E+12,38801.40991,0.361203755,1.443121616,0.97912746,-0.2576498,1.52,2.03,0.49,1.84,1.625,1.497,50.56605911,0.61885356,0.06939855
1.65661E+12,38926.16992,0.361203755,1.443121616,0.97912746,-0.2576498,1.52,2.03,0.49,1.84,1.625,1.497,50.32519531,0.61885356,0.07360241
1.65661E+12,39045.01001,0.361203755,1.443121616,0.9833059,-0.27205607,1.52,2.03,0.49,1.84,1.613,1.506,49.99030685,0.63325983,0.06504105
1.65661E+12,39159.21997,0.361203755,1.443121616,0.97083294,-0.25130938,1.52,2.03,0.49,1.84,1.628,1.487,48.61924362,0.61251314,0.10971731
1.65661E+12,39276.29004,0.361203755,1.443121616,0.96314128,-0.23771385,1.52,2.03,0.49,1.84,1.638,1.475,48.7334938,0.59891761,0.1213188
1.65661E+12,39388.28003,0.361203755,1.443121616,0.96314128,-0.23771385,1.52,2.03,0.49,1.84,1.638,1.475,48.20133972,0.59891761,0.13060664
1.65661E+12,39498.5,0.361203755,1.443121616,0.96116639,-0.23162289,1.52,2.03,0.49,1.84,1.643,1.471,47.61569977,0.59282665,0.14691894
1.65661E+12,39610.83008,0.361203755,1.443121616,0.96303734,-0.23232969,1.52,2.03,0.49,1.84,1.643,1.473,47.03930664,0.59353345,0.1562721
1.65661E+12,39719.03003,0.361203755,1.443121616,0.96303734,-0.23232969,1.52,2.03,0.49,1.84,1.643,1.473,46.41550064,0.59353345,0.16715957
1.65661E+12,39828.27002,0.361203755,1.443121616,0.96875411,-0.23983426,1.52,2.03,0.49,1.84,1.638,1.481,46.23230362,0.60103801,0.1628524
1.65661E+12,39936.1499,0.361203755,1.443121616,0.97667444,-0.25565413,1.52,2.03,0.49,1.84,1.626,1.494,46.03875351,0.61685788,0.15024376
1.65661E+12,40056.17993,0.361203755,1.443121616,0.97667444,-0.25565413,1.52,2.03,0.49,1.84,1.626,1.494,46.05611801,0.61685788,0.15010754
1.65661E+12,40168.8999,0.361203755,1.443121616,0.9884406,-0.27827177,1.52,2.03,0.49,1.84,1.609,1.513,46.25772095,0.63947552,0.12397127
1.65661E+12,40284.61987,0.361203755,1.443121616,0.98226649,-0.26631851,1.52,2.03,0.49,1.84,1.618,1.503,46.40946198,0.62752227,0.13327614
1.65661E+12,40397.69995,0.361203755,1.443121616,0.98226649,-0.26631851,1.52,2.03,0.49,1.84,1.618,1.503,46.71842575,0.62752227,0.12788371
1.65661E+12,40513.79004,0.361203755,1.443121616,0.98226649,-0.26631851,1.52,2.03,0.49,1.84,1.618,1.503,47.12757874,0.62752227,0.12074264
1.65661E+12,40629.33008,0.361203755,1.443121616,0.98355536,-0.26573644,1.52,2.03,0.49,1.84,1.619,1.504,47.68167496,0.62694019,0.11165391
1.65661E+12,40743.46997,0.361203755,1.443121616,0.98742198,-0.26399022,1.52,2.03,0.49,1.84,1.622,1.507,47.69007492,0.62519398,0.11339793
1.65661E+12,40868.87988,0.361203755,1.443121616,0.99351294,-0.26201534,1.52,2.03,0.49,1.84,1.626,1.512,47.90417862,0.62321909,0.11130337
1.65661E+12,41010.02002,0.361203755,1.443121616,0.99351294,-0.26201534,1.52,2.03,0.49,1.84,1.626,1.512,47.81561661,0.62321909,0.11303729
1.65661E+12,41129.88989,0.361203755,1.443121616,1.00053937,-0.26039385,1.52,2.03,0.49,1.84,1.63,1.518,47.72899628,0.62159761,0.1157293
1.65661E+12,41265.76001,0.361203755,1.443121616,1.00920808,-0.25725483,1.52,2.03,0.49,1.84,1.636,1.525,47.70778656,0.61845858,0.11967979
1.65661E+12,41376.56006,0.361203755,1.443121616,1.02010114,-0.25388713,1.52,2.03,0.49,1.84,1.643,1.534,47.70715332,0.61509088,0.12305854
1.65661E+12,41500.76001,0.361203755,1.443121616,1.02010114,-0.25388713,1.52,2.03,0.49,1.84,1.643,1.534,47.51503372,0.61509088,0.1265833
1.65661E+12,41653.06006,0.361203755,1.443121616,1.02876984,-0.2507481,1.52,2.03,0.49,1.84,1.649,1.541,47.52907944,0.61195185,0.12930555
1.65661E+12,41775.52002,0.361203755,1.443121616,1.03708515,-0.24854454,1.52,2.03,0.49,1.84,1.654,1.548,47.47315598,0.6097483,0.13248515
1.65661E+12,41898.36987,0.361203755,1.443121616,1.04668933,-0.24575891,1.52,2.03,0.49,1.84,1.66,1.556,47.38891602,0.60696267,0.13674104
1.65661E+12,42017.11011,0.361203755,1.443121616,1.05594011,-0.24390876,1.52,2.03,0.49,1.84,1.665,1.564,47.12894821,0.60511251,0.14312849
1.65661E+12,42125.83008,0.361203755,1.443121616,1.05594011,-0.24390876,1.52,2.03,0.49,1.84,1.665,1.564,46.78635406,0.60511251,0.148469
1.65661E+12,42236.59009,0.361203755,1.443121616,1.06354862,-0.24357614,1.52,2.03,0.49,1.84,1.668,1.571,46.3637352,0.6047799,0.15681659
1.65661E+12,42354.67993,0.361203755,1.443121616,1.0720926,-0.24359693,1.52,2.03,0.49,1.84,1.671,1.579,46.17508698,0.60480069,0.16008834
1.65661E+12,42470.30005,0.361203755,1.443121616,1.0720926,-0.24359693,1.52,2.03,0.49,1.84,1.671,1.579,46.0342865,0.60480069,0.16254577
1.65661E+12,42582.78003,0.361203755,1.443121616,1.0793477,-0.24419979,1.52,2.03,0.49,1.84,1.673,1.586,45.8741188,0.60540355,0.16473836
1.65661E+12,42695.52002,0.361203755,1.443121616,1.08496053,-0.2463202,1.52,2.03,0.49,1.84,1.673,1.592,45.89211655,0.60752395,0.16230384
1.65661E+12,42824.33008,0.361203755,1.443121616,1.08834902,-0.24866927,1.52,2.03,0.49,1.84,1.672,1.596,46.15316772,0.60987303,0.15539856
1.65661E+12,42939.61987,0.361203755,1.443121616,1.08834902,-0.24866927,1.52,2.03,0.49,1.84,1.672,1.596,46.35831451,0.60987303,0.15181808
1.65661E+12,43055.51001,0.361203755,1.443121616,1.08857769,-0.25089362,1.52,2.03,0.49,1.84,1.67,1.597,46.50040436,0.61209737,0.14714083
1.65661E+12,43174.58008,0.361203755,1.443121616,1.08822429,-0.25182909,1.52,2.03,0.49,1.84,1.669,1.597,46.75554657,0.61303284,0.14172525
1.65661E+12,43298.21997,0.361203755,1.443121616,1.08693542,-0.25241116,1.52,2.03,0.49,1.84,1.668,1.596,46.96698761,0.61361491,0.13745284
1.65661E+12,43429.36011,0.361203755,1.443121616,1.08693542,-0.25241116,1.52,2.03,0.49,1.84,1.668,1.596,47.31141663,0.61361491,0.13144142
1.65661E+12,43538.86987,0.361203755,1.443121616,1.08599995,-0.25205776,1.52,2.03,0.49,1.84,1.668,1.595,47.44470978,0.61326151,0.12946841
1.65661E+12,43649.65991,0.361203755,1.443121616,1.08635335,-0.25112229,1.52,2.03,0.49,1.84,1.669,1.595,47.73928833,0.61232604,0.12526252
1.65661E+12,43759.37988,0.361203755,1.443121616,1.08764222,-0.25054021,1.52,2.03,0.49,1.84,1.67,1.596,47.67824554,0.61174397,0.12690999
1.65661E+12,43873.41992,0.361203755,1.443121616,1.08764222,-0.25054021,1.52,2.03,0.49,1.84,1.67,1.596,47.86911774,0.61174397,0.12357864
1.65661E+12,44001.11011,0.361203755,1.443121616,1.09021997,-0.24937607,1.52,2.03,0.49,1.84,1.672,1.598,47.80162811,0.61057983,0.1259207
1.65661E+12,44110.81006,0.361203755,1.443121616,1.09279771,-0.24821193,1.52,2.03,0.49,1.84,1.674,1.6,47.64117432,0.60941568,0.12988529
1.65661E+12,44217.97998,0.361203755,1.443121616,1.09279771,-0.24821193,1.52,2.03,0.49,1.84,1.674,1.6,47.38890839,0.60941568,0.13428816
1.65661E+12,44334.29004,0.361203755,1.443121616,1.09385791,-0.24540551,1.52,2.03,0.49,1.84,1.677,1.6,47.19445038,0.60660927,0.14048851
1.65661E+12,44449.69995,0.361203755,1.443121616,1.09550019,-0.24388797,1.52,2.03,0.49,1.84,1.679,1.601,46.8359375,0.60509172,0.14826328
1.65661E+12,44559.13989,0.361203755,1.443121616,1.09585359,-0.2429525,1.52,2.03,0.49,1.84,1.68,1.601,46.97374344,0.60415625,0.14679359
1.65661E+12,44667.06006,0.361203755,1.443121616,1.09585359,-0.2429525,1.52,2.03,0.49,1.84,1.68,1.601,47.08255386,0.60415625,0.14489449
1.65661E+12,44775.21997,0.361203755,1.443121616,1.09714246,-0.24237043,1.52,2.03,0.49,1.84,1.681,1.602,47.19358444,0.60357418,0.14353871
1.65661E+12,44889.43994,0.361203755,1.443121616,1.09878473,-0.24085288,1.52,2.03,0.49,1.84,1.683,1.603,47.32322693,0.60205664,0.14279357
1.65661E+12,45008.42993,0.361203755,1.443121616,1.09878473,-0.24085288,1.52,2.03,0.49,1.84,1.683,1.603,47.50944138,0.60205664,0.13954351
1.65661E+12,45122.70996,0.361203755,1.443121616,1.10042701,-0.23933534,1.52,2.03,0.49,1.84,1.685,1.604,48.06886292,0.60053909,0.13129731
1.65661E+12,45232.57007,0.361203755,1.443121616,1.10335815,-0.23723572,1.52,2.03,0.49,1.84,1.688,1.606,48.07145691,0.59843948,0.13318467
1.65661E+12,45343.72998,0.361203755,1.443121616,1.10335815,-0.23723572,1.52,2.03,0.49,1.84,1.688,1.606,48.43387985,0.59843948,0.12702618
1.65661E+12,45471.80005,0.361203755,1.443121616,1.10570723,-0.23384724,1.52,2.03,0.49,1.84,1.692,1.607,48.96008301,0.59505099,0.12123069
1.65661E+12,45582.23999,0.361203755,1.443121616,1.10899177,-0.23081215,1.52,2.03,0.49,1.84,1.696,1.609,48.77580261,0.5920159,0.12790611
1.65661E+12,45702.97998,0.361203755,1.443121616,1.11414726,-0.22848386,1.52,2.03,0.49,1.84,1.7,1.613,48.84815216,0.58968762,0.12854762
1.65661E+12,45824.3999,0.361203755,1.443121616,1.11414726,-0.22848386,1.52,2.03,0.49,1.84,1.7,1.613,49.24217224,0.58968762,0.12167067
1.65661E+12,45938.41992,0.361203755,1.443121616,1.11953143,-0.22837992,1.52,2.03,0.49,1.84,1.702,1.618,49.69419098,0.58958368,0.1147179
1.65661E+12,46072.76001,0.361203755,1.443121616,1.12549766,-0.22956485,1.52,2.03,0.49,1.84,1.703,1.624,50.26942825,0.59076861,0.10266068
1.65661E+12,46191.11987,0.361203755,1.443121616,1.13088182,-0.22946091,1.52,2.03,0.49,1.84,1.705,1.629,50.55729294,0.59066467,0.09774044
1.65661E+12,46303.27002,0.361203755,1.443121616,1.13088182,-0.22946091,1.52,2.03,0.49,1.84,1.705,1.629,50.96926117,0.59066467,0.09055024
1.65661E+12,46420.21997,0.361203755,1.443121616,1.13649465,-0.23158131,1.52,2.03,0.49,1.84,1.705,1.635,51.16806793,0.59278507,0.08496
1.65661E+12,46541.51001,0.361203755,1.443121616,1.14129674,-0.2301885,1.52,2.03,0.49,1.84,1.708,1.639,51.36445618,0.59139226,0.08292519
1.65661E+12,46649.90991,0.361203755,1.443121616,1.1470343,-0.22914909,1.52,2.03,0.49,1.84,1.711,1.644,51.3643837,0.59035284,0.08401487
1.65661E+12,46767.34009,0.361203755,1.443121616,1.1470343,-0.22914909,1.52,2.03,0.49,1.84,1.711,1.644,51.37456131,0.59035284,0.08378824
1.65661E+12,46874.32007,0.361203755,1.443121616,1.15347867,-0.22623873,1.52,2.03,0.49,1.84,1.716,1.649,51.33266068,0.58744248,0.0874299
1.65661E+12,46983.41992,0.361203755,1.443121616,1.1608585,-0.22368177,1.52,2.03,0.49,1.84,1.721,1.655,51.5128212,0.58488553,0.08684246
1.65661E+12,47091.43994,0.361203755,1.443121616,1.1608585,-0.22368177,1.52,2.03,0.49,1.84,1.721,1.655,51.6509285,0.58488553,0.08443204
1.65661E+12,47202.11011,0.361203755,1.443121616,1.16938169,-0.23224654,1.52,2.03,0.49,1.84,1.716,1.666,52.00257492,0.59345029,0.07030386
1.65661E+12,47312.95996,0.361203755,1.443121616,1.169548,-0.21199876,1.52,2.03,0.49,1.84,1.735,1.659,52.35546112,0.57320252,0.08381863
1.65661E+12,47422.23999,0.361203755,1.443121616,1.169548,-0.21199876,1.52,2.03,0.49,1.84,1.735,1.659,52.67136383,0.57320252,0.07830509
1.65661E+12,47532.57007,0.361203755,1.443121616,1.16817597,-0.1986527,1.52,2.03,0.49,1.84,1.747,1.653,53.38276672,0.55985645,0.07923483
1.65661E+12,47643.46997,0.361203755,1.443121616,1.16690789,-0.19069079,1.52,2.03,0.49,1.84,1.754,1.649,53.93867493,0.55189454,0.07749431
1.65661E+12,47753.63989,0.361203755,1.443121616,1.16690789,-0.19069079,1.52,2.03,0.49,1.84,1.755,1.648,54.48907089,0.55189454,0.06816519
1.65661E+12,47870.11987,0.361203755,1.443121616,1.16632582,-0.18940192,1.52,2.03,0.49,1.84,1.755,1.648,54.80057144,0.55060567,0.06374025
1.65661E+12,47995.36987,0.361203755,1.443121616,1.16642976,-0.19478608,1.52,2.03,0.49,1.84,1.75,1.65,55.3568306,0.55598983,0.04864754
1.65661E+12,48103.32007,0.361203755,1.443121616,1.17015086,-0.20474366,1.52,2.03,0.49,1.84,1.742,1.657,55.96293259,0.56594741,0.02811148
1.65661E+12,48223.04004,0.361203755,1.443121616,1.17015086,-0.20474366,1.52,2.03,0.49,1.84,1.742,1.657,56.48847198,0.56594741,0.01893909
1.65661E+12,48339.18994,0.361203755,1.443121616,1.17549344,-0.22172767,1.52,2.03,0.49,1.84,1.728,1.668,57.02340698,0.58293143,-0.00637969
1.65661E+12,48453.91992,0.361203755,1.443121616,1.17435009,-0.21060595,1.52,2.03,0.49,1.84,1.738,1.663,57.4508667,0.57180971,-0.0032617
1.65661E+12,48574.67993,0.361203755,1.443121616,1.17541029,-0.20779953,1.52,2.03,0.49,1.84,1.741,1.663,57.59986496,0.56900329,-0.00351426
1.65661E+12,48689.28003,0.361203755,1.443121616,1.17541029,-0.20779953,1.52,2.03,0.49,1.84,1.741,1.663,58.25350952,0.56900329,-0.01492251
1.65661E+12,48798.79004,0.361203755,1.443121616,1.17576369,-0.20686406,1.52,2.03,0.49,1.84,1.742,1.663,58.84045029,0.56806782,-0.02423108
1.65661E+12,48911.79004,0.361203755,1.443121616,1.17518162,-0.20557519,1.52,2.03,0.49,1.84,1.743,1.662,59.59263229,0.56677895,-0.03456671
1.65661E+12,49025.62988,0.361203755,1.443121616,1.17518162,-0.20557519,1.52,2.03,0.49,1.84,1.743,1.662,60.14154053,0.56677895,-0.04408658
1.65661E+12,49156.80005,0.361203755,1.443121616,1.17482822,-0.20651066,1.52,2.03,0.49,1.84,1.742,1.662,60.75868607,0.56771442,-0.05735721
1.65661E+12,49270.98999,0.361203755,1.443121616,1.17447482,-0.20744613,1.52,2.03,0.49,1.84,1.741,1.662,61.188694,0.56864989,-0.06579774
1.65661E+12,49393.27002,0.361203755,1.443121616,1.17470349,-0.20967048,1.52,2.03,0.49,1.84,1.739,1.663,61.90404892,0.57087423,-0.08050738
1.65661E+12,49508.11011,0.361203755,1.443121616,1.17470349,-0.20967048,1.52,2.03,0.49,1.84,1.739,1.663,62.41662216,0.57087423,-0.08765131
1.65661E+12,49630.77002,0.361203755,1.443121616,1.17493216,-0.21189482,1.52,2.03,0.49,1.84,1.737,1.664,62.74931335,0.57309858,-0.09748437
1.65661E+12,49764.52002,0.361203755,1.443121616,1.17715651,-0.21166615,1.52,2.03,0.49,1.84,1.738,1.666,63.02173615,0.57286991,-0.10201038
1.65661E+12,49880.37988,0.361203755,1.443121616,1.1812518,-0.21214428,1.52,2.03,0.49,1.84,1.739,1.67,63.30418396,0.57334804,-0.10741815
1.65661E+12,50038.68994,0.361203755,1.443121616,1.18698936,-0.21110487,1.52,2.03,0.49,1.84,1.742,1.675,63.56817245,0.57230862,-0.11098621
1.65661E+12,50161.79004,0.361203755,1.443121616,1.18698936,-0.21110487,1.52,2.03,0.49,1.84,1.742,1.675,63.70111847,0.57230862,-0.11264516
1.65661E+12,50274.31006,0.361203755,1.443121616,1.19366239,-0.21041886,1.52,2.03,0.49,1.84,1.745,1.681,63.74154282,0.57162261,-0.11332608
1.65661E+12,50397.61011,0.361203755,1.443121616,1.2012709,-0.21008624,1.52,2.03,0.49,1.84,1.748,1.688,63.6779747,0.57129,-0.11188399
1.65661E+12,50516.02002,0.361203755,1.443121616,1.20759053,-0.2103357,1.52,2.03,0.49,1.84,1.75,1.694,64.04491425,0.57153946,-0.11853775
1.65661E+12,50634.06006,0.361203755,1.443121616,1.20759053,-0.2103357,1.52,2.03,0.49,1.84,1.75,1.694,64.17170715,0.57153946,-0.12075071
1.65661E+12,50753.96997,0.361203755,1.443121616,1.21484564,-0.21093856,1.52,2.03,0.49,1.84,1.752,1.701,64.40184021,0.57214232,-0.12537015
1.65661E+12,50871.8999,0.361203755,1.443121616,1.22116527,-0.21118802,1.52,2.03,0.49,1.84,1.754,1.707,64.72571564,0.57239178,-0.1312723
1.65661E+12,50987.95996,0.361203755,1.443121616,1.22970925,-0.21120881,1.52,2.03,0.49,1.84,1.757,1.715,65.01623535,0.57241257,-0.13636361
1.65661E+12,51107.34009,0.361203755,1.443121616,1.22970925,-0.21120881,1.52,2.03,0.49,1.84,1.757,1.715,65.23350525,0.57241257,-0.14015569
1.65661E+12,51248.57007,0.361203755,1.443121616,1.23825323,-0.2112296,1.52,2.03,0.49,1.84,1.76,1.723,65.46111298,0.57243335,-0.14414898
1.65661E+12,51363.40991,0.361203755,1.443121616,1.24750401,-0.20937944,1.52,2.03,0.49,1.84,1.765,1.731,65.52997589,0.5705832,-0.1434087
1.65661E+12,51476.21997,0.361203755,1.443121616,1.25675479,-0.20752929,1.52,2.03,0.49,1.84,1.77,1.739,65.64946747,0.56873304,-0.14373608
1.65661E+12,51592.59009,0.361203755,1.443121616,1.25675479,-0.20752929,1.52,2.03,0.49,1.84,1.77,1.739,65.60160065,0.56873304,-0.14290064
1.65661E+12,51711.75,0.361203755,1.443121616,1.26413462,-0.20497233,1.52,2.03,0.49,1.84,1.775,1.745,65.74910736,0.56617609,-0.14291816
1.65661E+12,51825.80005,0.361203755,1.443121616,1.26893671,-0.20357952,1.52,2.03,0.49,1.84,1.778,1.749,65.71146393,0.56478327,-0.1407521
1.65661E+12,51937.21997,0.361203755,1.443121616,1.2737388,-0.2021867,1.52,2.03,0.49,1.84,1.781,1.753,65.76735687,0.56339046,-0.14045105
1.65661E+12,52055.21997,0.361203755,1.443121616,1.2737388,-0.2021867,1.52,2.03,0.49,1.84,1.781,1.753,65.74660492,0.56339046,-0.14008886
1.65661E+12,52166.21997,0.361203755,1.443121616,1.27502768,-0.20160463,1.52,2.03,0.49,1.84,1.782,1.754,65.83888245,0.56280839,-0.14103704
1.65661E+12,52279.36987,0.361203755,1.443121616,1.27502768,-0.20160463,1.52,2.03,0.49,1.84,1.782,1.754,65.61453247,0.56280839,-0.13720169
1.65661E+12,52388.61011,0.361203755,1.443121616,1.27502768,-0.20160463,1.52,2.03,0.49,1.84,1.782,1.754,65.66425323,0.56280839,-0.13806948
1.65661E+12,52499.96997,0.361203755,1.443121616,1.27315673,-0.20089783,1.52,2.03,0.49,1.84,1.782,1.752,65.96205902,0.56210158,-0.14256037
1.65661E+12,52609.41992,0.361203755,1.443121616,1.27093239,-0.2011265,1.52,2.03,0.49,1.84,1.781,1.75,65.78432465,0.56233026,-0.13968699
1.65661E+12,52716.46997,0.361203755,1.443121616,1.27093239,-0.2011265,1.52,2.03,0.49,1.84,1.781,1.75,65.8973999,0.56233026,-0.14166053
1.65661E+12,52833.94995,0.361203755,1.443121616,1.26870804,-0.20135517,1.52,2.03,0.49,1.84,1.78,1.748,65.97884369,0.56255893,-0.14331066
1.65661E+12,52942,0.361203755,1.443121616,1.2668371,-0.20064837,1.52,2.03,0.49,1.84,1.78,1.746,65.67319489,0.56185213,-0.13726928
1.65661E+12,53058.82007,0.361203755,1.443121616,1.26554822,-0.20123044,1.52,2.03,0.49,1.84,1.779,1.745,65.58548737,0.5624342,-0.13632057
1.65661E+12,53172.51001,0.361203755,1.443121616,1.26554822,-0.20123044,1.52,2.03,0.49,1.84,1.779,1.745,65.13374329,0.5624342,-0.12843614
1.65661E+12,53287.38989,0.361203755,1.443121616,1.26496615,-0.19994157,1.52,2.03,0.49,1.84,1.78,1.744,64.93888855,0.56114532,-0.12374642
1.65661E+12,53399.47998,0.361203755,1.443121616,1.26496615,-0.19994157,1.52,2.03,0.49,1.84,1.78,1.744,65.01022339,0.56114532,-0.12499144
1.65661E+12,53518.79004,0.361203755,1.443121616,1.26496615,-0.19994157,1.52,2.03,0.49,1.84,1.78,1.744,64.90625,0.56114532,-0.12305346
1.65661E+12,53631.36011,0.361203755,1.443121616,1.26531955,-0.1990061,1.52,2.03,0.49,1.84,1.781,1.744,64.60558319,0.56020985,-0.11699367
1.65661E+12,53745.72998,0.361203755,1.443121616,1.26660843,-0.19842403,1.52,2.03,0.49,1.84,1.782,1.745,63.99573898,0.55962778,-0.10576781
1.65661E+12,53860.28003,0.361203755,1.443121616,1.26660843,-0.19842403,1.52,2.03,0.49,1.84,1.782,1.745,63.74376678,0.55962778,-0.10137006
1.65661E+12,53972.30005,0.361203755,1.443121616,1.26847937,-0.19913083,1.52,2.03,0.49,1.84,1.782,1.747,63.54977036,0.56033458,-0.09869099
1.65661E+12,54083.44995,0.361203755,1.443121616,1.27222126,-0.20054443,1.52,2.03,0.49,1.84,1.782,1.751,63.34111023,0.56174818,-0.09646278
1.65661E+12,54192.48999,0.361203755,1.443121616,1.27725202,-0.20137596,1.52,2.03,0.49,1.84,1.783,1.756,63.07209778,0.56257971,-0.09259916
1.65661E+12,54303.3999,0.361203755,1.443121616,1.27725202,-0.20137596,1.52,2.03,0.49,1.84,1.783,1.756,63.15525055,0.56257971,-0.09405045
1.65661E+12,54415.95996,0.361203755,1.443121616,1.28415373,-0.20291429,1.52,2.03,0.49,1.84,1.784,1.763,63.22252655,0.56411805,-0.09676297
1.65661E+12,54525.81006,0.361203755,1.443121616,1.29082676,-0.20222828,1.52,2.03,0.49,1.84,1.787,1.769,63.0798645,0.56343203,-0.09358703
1.65661E+12,54644.8999,0.361203755,1.443121616,1.29082676,-0.20222828,1.52,2.03,0.49,1.84,1.787,1.769,63.13021469,0.56343203,-0.09446581
1.65661E+12,54760.86011,0.361203755,1.443121616,1.30007754,-0.20037812,1.52,2.03,0.49,1.84,1.792,1.777,62.99796677,0.56158188,-0.09042694
1.65661E+12,54882.25,0.361203755,1.443121616,1.31190606,-0.19736382,1.52,2.03,0.49,1.84,1.799,1.787,62.91438675,0.55856758,-0.08583445
1.65661E+12,54992.31006,0.361203755,1.443121616,1.32315252,-0.19306065,1.52,2.03,0.49,1.84,1.807,1.796,62.68593597,0.55426441,-0.07792582
1.65661E+12,55109.28003,0.361203755,1.443121616,1.32315252,-0.19306065,1.52,2.03,0.49,1.84,1.807,1.796,62.4630928,0.55426441,-0.07365471
1.65661E+12,55220.13989,0.361203755,1.443121616,1.33498104,-0.19004635,1.52,2.03,0.49,1.84,1.814,1.806,62.21825409,0.55125011,-0.06636717
1.65661E+12,55331.92993,0.361203755,1.443121616,1.34818159,-0.20037812,1.52,2.03,0.49,1.84,1.809,1.822,62.06861877,0.56158188,-0.07408731
1.65661E+12,55443.13989,0.361203755,1.443121616,1.34818159,-0.20037812,1.52,2.03,0.49,1.84,1.809,1.822,61.96062088,0.56158188,-0.07220239
1.65661E+12,55570.38989,0.361203755,1.443121616,1.34999017,-0.17861281,1.52,2.03,0.49,1.84,1.83,1.816,61.78998566,0.53981656,-0.04745893
1.65661E+12,55684.30005,0.361203755,1.443121616,1.35177796,-0.16539147,1.52,2.03,0.49,1.84,1.843,1.813,61.58940506,0.52659522,-0.0307368
1.65661E+12,55797.73999,0.361203755,1.443121616,1.35238082,-0.15813636,1.52,2.03,0.49,1.84,1.85,1.811,61.4227829,0.51934012,-0.02057359
1.65661E+12,55907.6001,0.361203755,1.443121616,1.35238082,-0.15813636,1.52,2.03,0.49,1.84,1.85,1.811,61.23681641,0.51934012,-0.01750756
1.65661E+12,56017.21997,0.361203755,1.443121616,1.35518724,-0.15919656,1.52,2.03,0.49,1.84,1.85,1.814,60.81072235,0.52040032,-0.01095132
1.65661E+12,56128.17993,0.361203755,1.443121616,1.35832627,-0.16786527,1.52,2.03,0.49,1.84,1.843,1.82,60.4872818,0.52906903,-0.01397492
1.65661E+12,56236.53003,0.361203755,1.443121616,1.35832627,-0.16786527,1.52,2.03,0.49,1.84,1.843,1.82,59.82400513,0.52906903,-0.00239856
1.65661E+12,56345.56006,0.361203755,1.443121616,1.36402225,-0.18391381,1.52,2.03,0.49,1.84,1.83,1.831,58.9042778,0.54511757,-0.00239483
1.65661E+12,56463.5,0.361203755,1.443121616,1.3719218,-0.20827766,1.52,2.03,0.49,1.84,1.81,1.847,58.38225937,0.56948142,-0.02018101
1.65661E+12,56589.43994,0.361203755,1.443121616,1.3719218,-0.20827766,1.52,2.03,0.49,1.84,1.819,1.843,57.82021713,0.56948142,-0.00783826
1.65661E+12,56698.43994,0.361203755,1.443121616,1.37136051,-0.19844481,1.52,2.03,0.49,1.84,1.819,1.843,57.60666275,0.55964857,0.00572182
1.65661E+12,56810.95996,0.361203755,1.443121616,1.37323146,-0.19915161,1.52,2.03,0.49,1.84,1.819,1.845,57.23291397,0.56035537,0.01153817
1.65661E+12,56926.68994,0.361203755,1.443121616,1.3751024,-0.19985842,1.52,2.03,0.49,1.84,1.819,1.847,57.12882233,0.56106217,0.01264811
1.65661E+12,57037.62988,0.361203755,1.443121616,1.3751024,-0.19985842,1.52,2.03,0.49,1.84,1.819,1.847,56.84973145,0.56106217,0.01751916
1.65661E+12,57153.65991,0.361203755,1.443121616,1.37603787,-0.20021182,1.52,2.03,0.49,1.84,1.819,1.848,56.50372314,0.56141557,0.02194194
1.65661E+12,57268.86011,0.361203755,1.443121616,1.37674467,-0.19834087,1.52,2.03,0.49,1.84,1.821,1.848,56.22774506,0.55954463,0.02989242
1.65661E+12,57380.86011,0.361203755,1.443121616,1.37674467,-0.19834087,1.52,2.03,0.49,1.84,1.823,1.848,56.07434464,0.55954463,0.03256976
1.65661E+12,57490.23999,0.361203755,1.443121616,1.37745148,-0.19646993,1.52,2.03,0.49,1.84,1.823,1.848,55.84283066,0.55767368,0.03771033
1.65661E+12,57601.73999,0.361203755,1.443121616,1.37815828,-0.19459898,1.52,2.03,0.49,1.84,1.825,1.848,55.80704498,0.55580274,0.04097691
1.65661E+12,57716.46997,0.361203755,1.443121616,1.37944715,-0.19401691,1.52,2.03,0.49,1.84,1.826,1.849,55.48735046,0.55522067,0.0471387
1.65661E+12,57826.11011,0.361203755,1.443121616,1.37944715,-0.19401691,1.52,2.03,0.49,1.84,1.826,1.849,55.23991776,0.55522067,0.05145722
1.65661E+12,57937.01001,0.361203755,1.443121616,1.38260697,-0.19414164,1.52,2.03,0.49,1.84,1.827,1.852,54.98826981,0.5553454,0.05573995
1.65661E+12,58050.84009,0.361203755,1.443121616,1.38728433,-0.19590864,1.52,2.03,0.49,1.84,1.827,1.857,54.6820488,0.5571124,0.05930213
1.65661E+12,58165.77002,0.361203755,1.443121616,1.38728433,-0.19590864,1.52,2.03,0.49,1.84,1.827,1.857,54.58512115,0.5571124,0.06099384
1.65661E+12,58277.79004,0.361203755,1.443121616,1.39325056,-0.19709358,1.52,2.03,0.49,1.84,1.828,1.863,54.4368515,0.55829733,0.0623967
1.65661E+12,58387.88989,0.361203755,1.443121616,1.39921679,-0.19827851,1.52,2.03,0.49,1.84,1.829,1.869,54.35245895,0.55948226,0.0626847
1.65661E+12,58507.72998,0.361203755,1.443121616,1.40401888,-0.19688569,1.52,2.03,0.49,1.84,1.833,1.875,54.35129166,0.55808945,0.06429323
1.65661E+12,58629.1001,0.361203755,1.443121616,1.40624323,-0.19665702,1.52,2.03,0.49,1.84,1.833,1.875,54.41764832,0.55786078,0.06316841
1.65661E+12,58739.31006,0.361203755,1.443121616,1.41432986,-0.19222912,1.52,2.03,0.49,1.84,1.84,1.881,54.3127327,0.55343288,0.06942744
1.65661E+12,58873.17993,0.361203755,1.443121616,1.4224165,-0.18780122,1.52,2.03,0.49,1.84,1.847,1.887,54.23936844,0.54900498,0.07513579
1.65661E+12,58990.75,0.361203755,1.443121616,1.4224165,-0.18780122,1.52,2.03,0.49,1.84,1.853,1.894,54.2084198,0.54900498,0.07567594
1.65661E+12,59103.29004,0.361203755,1.443121616,1.43108521,-0.18466219,1.52,2.03,0.49,1.84,1.853,1.894,54.2046051,0.54586595,0.07888155
1.65661E+12,59214.56006,0.361203755,1.443121616,1.44010732,-0.18058769,1.52,2.03,0.49,1.84,1.86,1.901,54.27390671,0.54179145,0.08174651
1.65661E+12,59329.67993,0.361203755,1.443121616,1.4493581,-0.17873753,1.52,2.03,0.49,1.84,1.865,1.909,54.5081749,0.54179145,0.08174651
1.65661E+12,59441.07007,0.361203755,1.443121616,1.4493581,-0.17873753,1.52,2.03,0.49,1.84,1.865,1.909,54.81521988,0.54179145,0.08174651
1.65661E+12,59549.29004,0.361203755,1.443121616,1.4493581,-0.17873753,1.52,2.03,0.49,1.84,1.87,1.916,55.07776642,0.54179145,0.08174651
1.65661E+12,59661.94995,0.361203755,1.443121616,1.4493581,-0.17873753,1.52,2.03,0.49,1.84,1.874,1.922,55.71673965,0.54179145,0.08174651
1.65661E+12,59771.07007,0.361203755,1.443121616,1.4493581,-0.17873753,1.52,2.03,0.49,1.84,1.874,1.922,55.64437103,0.54179145,0.08174651
1.65661E+12,59874.92993,0.361203755,1.443121616,1.4493581,-0.17873753,1.52,2.03,0.49,1.84,1.879,1.926,55.71736526,0.54179145,0.08174651
1.65661E+12,59981.40991,0.361203755,1.443121616,1.4493581,-0.17873753,1.52,2.03,0.49,1.84,1.884,1.927,56.14260101,0.54179145,0.08174651
1.65661E+12,60087.18994,0.361203755,1.443121616,1.4493581,-0.17873753,1.52,2.03,0.49,1.84,1.884,1.927,56.01754379,0.54179145,0.08174651
1.65661E+12,60195.71997,0.361203755,1.443121616,1.4493581,-0.17873753,1.52,2.03,0.49,1.84,1.887,1.927,55.76506805,0.54179145,0.08174651
1.65661E+12,60303,0.361203755,1.443121616,1.4493581,-0.17873753,1.52,2.03,0.49,1.84,1.889,1.926,55.75066757,0.54179145,0.08174651
1.65661E+12,60406.84009,0.361203755,1.443121616,1.4493581,-0.17873753,1.52,2.03,0.49,1.84,1.889,1.926,55.46186447,0.54179145,0.08174651
1.65661E+12,60512.55005,0.361203755,1.443121616,1.4493581,-0.17873753,1.52,2.03,0.49,1.84,1.889,1.925,55.14006042,0.54179145,0.08174651
1.65661E+12,60617.73999,0.361203755,1.443121616,1.4493581,-0.17873753,1.52,2.03,0.49,1.84,1.887,1.926,54.66790771,0.54179145,0.08174651
1.65661E+12,60723.43994,0.361203755,1.443121616,1.4493581,-0.17873753,1.52,2.03,0.49,1.84,1.887,1.926,54.57629776,0.54179145,0.08174651
1.65661E+12,60827.78003,0.361203755,1.443121616,1.4493581,-0.17873753,1.52,2.03,0.49,1.84,1.884,1.928,54.28189087,0.54179145,0.08174651
1.65661E+12,60932.22998,0.361203755,1.443121616,1.4493581,-0.17873753,1.52,2.03,0.49,1.84,1.882,1.931,54.14070129,0.54179145,0.08174651
1.65661E+12,61037.62988,0.361203755,1.443121616,1.4493581,-0.17873753,1.52,2.03,0.49,1.84,1.882,1.931,53.81710815,0.54179145,0.08174651
1.65661E+12,61141.97998,0.361203755,1.443121616,1.4493581,-0.17873753,1.52,2.03,0.49,1.84,1.882,1.936,53.62651062,0.54179145,0.08174651
1.65661E+12,61259.11987,0.361203755,1.443121616,1.4493581,-0.17873753,1.52,2.03,0.49,1.84,1.885,1.941,53.50220108,0.54179145,0.08174651
1.65661E+12,61364.76001,0.361203755,1.443121616,1.4493581,-0.17873753,1.52,2.03,0.49,1.84,1.885,1.941,53.33304977,0.54179145,0.08174651
1.65661E+12,61471.25,0.361203755,1.443121616,1.4493581,-0.17873753,1.52,2.03,0.49,1.84,1.892,1.947,53.27608109,0.54179145,0.08174651
1.65661E+12,61576.80005,0.361203755,1.443121616,1.4493581,-0.17873753,1.52,2.03,0.49,1.84,1.899,1.952,53.18857956,0.54179145,0.08174651
1.65661E+12,61681.44995,0.361203755,1.443121616,1.4493581,-0.17873753,1.52,2.03,0.49,1.84,1.899,1.952,53.28416443,0.54179145,0.08174651
1.65661E+12,61792.1001,0.361203755,1.443121616,1.4493581,-0.17873753,1.52,2.03,0.49,1.84,1.905,1.956,53.36729431,0.54179145,0.08174651
1.65661E+12,61901.13989,0.361203755,1.443121616,1.4493581,-0.17873753,1.52,2.03,0.49,1.84,1.91,1.96,53.42115402,0.54179145,0.08174651
1.65661E+12,62007.61011,0.361203755,1.443121616,1.4493581,-0.17873753,1.52,2.03,0.49,1.84,1.91,1.96,53.50189972,0.54179145,0.08174651
1.65661E+12,62117.13989,0.361203755,1.443121616,1.4493581,-0.17873753,1.52,2.03,0.49,1.84,1.912,1.963,53.55071259,0.54179145,0.08174651
1.65661E+12,62239.58008,0.361203755,1.443121616,1.4493581,-0.17873753,1.52,2.03,0.49,1.84,1.912,1.966,53.5537529,0.54179145,0.08174651
1.65661E+12,62365.08008,0.361203755,1.443121616,1.4493581,-0.17873753,1.52,2.03,0.49,1.84,1.911,1.967,53.52092361,0.54179145,0.08174651
1.65661E+12,62470.80005,0.361203755,1.443121616,1.4493581,-0.17873753,1.52,2.03,0.49,1.84,1.911,1.967,53.50276184,0.54179145,0.08174651
1.65661E+12,62576.76001,0.361203755,1.443121616,1.4493581,-0.17873753,1.52,2.03,0.49,1.84,1.911,1.967,53.37948608,0.54179145,0.08174651
1.65661E+12,62684.17993,0.361203755,1.443121616,1.4493581,-0.17873753,1.52,2.03,0.49,1.84,1.91,1.967,53.26136398,0.54179145,0.08174651
1.65661E+12,62789.3999,0.361203755,1.443121616,1.4493581,-0.17873753,1.52,2.03,0.49,1.84,1.91,1.967,53.17596054,0.54179145,0.08174651
1.65661E+12,62896.29004,0.361203755,1.443121616,1.4493581,-0.17873753,1.52,2.03,0.49,1.84,1.91,1.967,53.03232956,0.54179145,0.08174651
1.65661E+12,63001.48999,0.361203755,1.443121616,1.4493581,-0.17873753,1.52,2.03,0.49,1.84,1.91,1.968,52.95415497,0.54179145,0.08174651
1.65661E+12,63108.70996,0.361203755,1.443121616,1.4493581,-0.17873753,1.52,2.03,0.49,1.84,1.91,1.968,52.8237381,0.54179145,0.08174651
1.65661E+12,63215.3501,0.361203755,1.443121616,1.4493581,-0.17873753,1.52,2.03,0.49,1.84,1.91,1.969,52.74980164,0.54179145,0.08174651
